source,severity,property_id,code_path,title,description_excerpt,keyword_matched
alloy_evm_fusaka,vulnerability,PROP-5a6a79d5-post-002,crates/evm/src/block/system_calls/mod.rs::apply_pre_execution_changes::L58-59,"The code executes blockhashes (EIP-2935) at line 58 before beacon roots (EIP-4788) at line 59, violating the required order beacon_roots < history_storage. EthBlockExecutor mirrors this incorrect order at lines 106-108.","Blocks processed with this implementation will have system calls in wrong order, causing consensus failures with clients following the correct specification order (beacon roots before history storage).",storage/proxy+delegatecall; consensus+fork/split; cache/index+collision; inclusion+proof/merkle
alloy_evm_fusaka,potential-vulnerability,PROP-5a6a79d5-inv-036,crates/evm/src/eth/env.rs::EvmEnv::for_eth_next::L124,Proof fails at line 124: next_block_excess_blob_gas_osaka() receives input.base_fee_per_gas (child's base fee from parameter) instead of header.base_fee_per_gas() (parent's base fee). Inconsistent with using parent's excess_blob_gas (L122) and blob_g,"If EIP-7918 (Osaka) blob gas calculation depends on base fee (e.g., for dynamic blob pricing), using child's pre-computed base fee instead of parent's base fee could cause consensus splits when validators compute different next-block blob parameters, or enable blob fee manipulation by proposers.",consensus+fork/split; KZG/blob+commitment
alloy_evm_fusaka,vulnerability,PROP-5a6a79d5-inv-008,crates/evm/src/eth/block.rs::execute_transaction_without_commit::L113-134,"Block executor validates regular gas limit (L119-127) but completely omits blob gas limit validation. Blob gas is accumulated (L152-154) without any check against MAX_BLOB_GAS_PER_BLOCK, allowing blocks to exceed consensus-mandated blob gas limits.","Attacker submits multiple blob transactions whose cumulative blob gas exceeds MAX_BLOB_GAS_PER_BLOCK. Block executor accepts all transactions, producing an invalid block that violates consensus rules and will be rejected by other nodes.",DoS/revert+gas_limit; consensus+fork/split; KZG/blob+commitment
c_kzg_4844_fusaka,vulnerability,PROP-57888860-inv-053,src/eip7594/eip7594.c::verify_cell_kzg_proof_batch::L802-951,Proof fails: validate_kzg_g1 (bytes.c:90) explicitly accepts point-at-infinity commitments without rejection. No additional infinity check exists before line 910 aggregation. Point-at-infinity contributes zero to weighted sum but corresponding proof ,"Attacker sends P2P data availability sample with commitment=0xc00000...(infinity) plus arbitrary cell data and proof. Batch verification accepts the infinity commitment (bytes.c:90), aggregates it into random linear combination where it contributes zero, while weighted proof remains. Invalid cell data passes verification because commitment term vanishes from pairing equation.",KZG/blob+commitment; P2P/gossip+validation
c_kzg_4844_fusaka,potential-vulnerability,PROP-6a4369e9-inv-037,src/eip7594/eip7594.c::verify_cell_kzg_proof_batch::L802-952,"The C function does not validate that input arrays (commitments_bytes, cell_indices, cells, proofs_bytes) actually have num_cells elements. Lines 838-840, 858, and 894-896 index/copy arrays assuming this length, causing out-of-bounds reads if a calle","A C/C++ Ethereum client or code using FFI calls verify_cell_kzg_proof_batch with num_cells larger than actual array lengths. The function reads out-of-bounds memory at lines 838-840 (cell_indices), 858 (commitments_bytes memcpy), and 894-896 (proofs_bytes), potentially using garbage data in cryptographic verification, causing incorrect acceptance/rejection of proofs, process crash, or memory discl",KZG/blob+commitment; JWT/auth+bypass; cache/index+collision; memory+safety/bounds
c_kzg_4844_fusaka,vulnerability,PROP-57888860-inv-001,src/eip7594/eip7594.c::compute_verify_cell_kzg_proof_batch_challenge::L423-427,"Challenge hash uses first num_commitments elements from original commitments_bytes array instead of deduplicated unique_commitments array. When duplicate commitments exist (e.g., [A,B,A,C]), hash incorrectly includes [A,B,A] instead of [A,B,C], allow","Attacker provides cells with commitments [A,B,A,C] vs [A,B,C,A]. Both deduplicate to [A,B,C] for verification, but hash different prefixes ([A,B,A] vs [A,B,C]), producing different Fiat-Shamir challenges despite identical cryptographic content, enabling selective forgery by searching for favorable challenge values.",KZG/blob+commitment; cache/index+collision
c_kzg_4844_fusaka,vulnerability,PROP-57888860-post-001,src/eip7594/recovery.c::recover_cells::L347-350,"The recovered polynomial coefficients are not validated to have degree < FIELD_ELEMENTS_PER_BLOB. While the encoding side (eip7594.c:94-96) asserts the upper half coefficients are zero, recover_cells computes a full FIELD_ELEMENTS_PER_EXT_BLOB coeffi","An attacker crafts malicious cells that produce a recovered polynomial with non-zero coefficients in the upper half. When recover_cells_and_kzg_proofs recomputes proofs (eip7594.c:264), compute_fk20_cell_proofs expects only FIELD_ELEMENTS_PER_BLOB coefficients but receives incorrect data, producing invalid proofs that could bypass downstream validation or cause state inconsistencies.",KZG/blob+commitment; JWT/auth+bypass
c_kzg_4844_fusaka,vulnerability,PROP-57888860-inv-003,src/eip7594/eip7594.c::verify_cell_kzg_proof_batch::L877,Challenge computation at line 877 passes commitments_bytes (original array with duplicates) instead of unique_commitments (deduplicated array) to compute_verify_cell_kzg_proof_batch_challenge. This causes the challenge hash to include the first num_c,"Attacker crafts two P2P messages with identical unique commitments but different orderings (e.g., [C_A, C_A, C_B] vs [C_B, C_A, C_A]). The challenge function hashes different commitment sequences, generating different challenge values r1 ≠ r2 for semantically equivalent verification contexts, potentially accepting invalid proofs.",KZG/blob+commitment; P2P/gossip+validation; cache/index+collision
grandine_fusaka,vulnerability,PROP-6a4369e9-inv-018,fork_choice_store/src/store.rs::validate_data_column_sidecar_internal::L2185-2192,"Inclusion proof verification is skipped for ExecutionLayer origin (line 2185), allowing compromised/buggy EL to send data column sidecars with invalid inclusion proofs. Blob sidecars verify inclusion proofs unconditionally (line 1956), proving this s","Compromised execution layer sends data column sidecar with kzg_commitments that don't match block body_root. CL accepts it because inclusion proof check is skipped for EL origin, potentially serving invalid data to peers or causing consensus divergence.",consensus+fork/split; KZG/blob+commitment; P2P/gossip+validation; inclusion+proof/merkle
grandine_fusaka,potential-vulnerability,PROP-6a4369e9-asm-002,eth1_api/src/auth.rs::Auth::headers::L96-98,"JWT authentication is optional: auth.headers() returns Ok(None) when no jwt_secret is configured (auth.rs:96-98), yet Engine API calls proceed without authentication. Blobs from unauthenticated EL connections are marked ExecutionLayer origin and skip","Operator starts Grandine without --jwt-secret flag. Attacker performs MITM or DNS poisoning on localhost EL connection, serves malicious blobs via engine_getBlobsV1. Blobs skip cryptographic verification and are accepted into fork choice.",consensus+fork/split; KZG/blob+commitment; JWT/auth+bypass
grandine_fusaka,potential-vulnerability,PROP-57888860-pre-003,operation_pools/src/blob_reconstruction_pool/tasks.rs::ReconstructDataColumnSidecarsTask::run::L42-64,"Column-level 50% threshold check (≥64/128 columns) does not guarantee per-blob 50% threshold. When columns contain different subsets of blobs, individual blobs may have <50% cells available even when total column count is sufficient, causing KZG reco","Attacker provides 64 columns where 40 columns contain blob A cells but only 32 contain blob B cells. Blob A recovers successfully, but blob B has only 25% cells (32/128), violating erasure coding threshold and potentially producing invalid recovered data.",KZG/blob+commitment
grandine_fusaka,vulnerability,PROP-56ad1eb2-inv-005,helper_functions/src/misc.rs::compute_fork_digest_post_fulu::L148,"Line 148 uses blob_entry.epoch (the schedule entry's activation epoch) instead of the current epoch parameter when computing the blob params hash. This makes fork digest constant across all epochs within the same blob schedule period, violating the e","Attacker deploys nodes with blob schedule configured at different activation epochs (e.g., epoch 100 vs 200) but same max_blobs value. At epoch 300, both node sets are in identical state but compute different fork digests (hash(100||15) vs hash(200||15)). This causes P2P topic subscription mismatch and network partition between otherwise-compatible nodes.",signature+replay/validation; consensus+fork/split; KZG/blob+commitment; P2P/gossip+validation; cache/index+collision
grandine_fusaka,potential-vulnerability,PROP-57888860-inv-025,eip_7594/src/lib.rs::get_validator_custody_requirement::L409-411,"The clamping logic count.max(validator_custody_requirement).min(number_of_custody_groups) only enforces the invariant when validator_custody_requirement <= number_of_custody_groups, but Config has no validation of this constraint (types/src/config.rs","A malicious testnet operator sets validator_custody_requirement=200 and number_of_custody_groups=100 in the network config. Validators with moderate stake (count between 100-200) will be assigned custody requirement of 100 instead of the mandated 200, causing them to subscribe to fewer custody groups than required, potentially breaking PeerDAS data availability guarantees.",signature+replay/validation; KZG/blob+commitment; P2P/gossip+validation
grandine_fusaka,vulnerability,PROP-6a4369e9-pre-003,fork_choice_store/src/store.rs::validate_data_column_sidecar_with_state::L2195-2199,"KZG proof verification returns Result<bool>, but line 2195-2199 uses .map_err()? which only handles errors, discarding the boolean result. When verify_kzg_proofs returns Ok(false) (invalid proofs), execution continues and the sidecar is accepted at l","Attacker sends P2P data column sidecar with invalid KZG proofs. The gossip validation at validate_data_column_sidecar_with_state calls verify_kzg_proofs which returns Ok(false), but this boolean is discarded by .map_err()?. The sidecar passes all checks and is accepted, allowing propagation of invalid erasure-coded data across the network.",consensus+fork/split; KZG/blob+commitment; P2P/gossip+validation
grandine_fusaka,vulnerability,PROP-6a4369e9-pre-008,p2p/src/network.rs::handle_data_columns_by_range_request::L1395-1410,"The handler rejects out-of-range requests with RpcErrorResponse::InvalidRequest (error code 1) at L1402-1408, but the Ethereum consensus spec mandates RESOURCE_UNAVAILABLE (error code 3) for requests outside the data_column_serve_range. InvalidReques","A peer requesting data columns outside the serve range receives InvalidRequest instead of ResourceUnavailable, violating spec compliance and potentially causing interoperability issues where spec-compliant peers may ban or deprioritize this node for incorrect error responses.",consensus+fork/split; P2P/gossip+validation
grandine_fusaka,vulnerability,PROP-57888860-inv-032,fork_choice_control/src/mutator.rs::try_spawn_persist_data_columns_task::L486-490,"Cache prunes data columns after only 2 slots (DATA_COLUMN_RETAIN_DURATION_IN_SLOTS=2) instead of the required 131,072 slots (MIN_EPOCHS_FOR_DATA_COLUMN_SIDECARS_REQUESTS=4096 epochs). This 65,536x discrepancy causes premature eviction of data that mu","Peer requests data columns for slot current_slot-100 (valid per MIN_EPOCHS). P2P handler validates request as legitimate, but cache has already pruned entries older than 2 slots. Node fails to serve valid historical data, violating protocol availability requirements.",storage/proxy+delegatecall; consensus+fork/split; P2P/gossip+validation; state+transition/SSZ; cache/index+collision
grandine_fusaka,potential-vulnerability,PROP-6a4369e9-inv-032,p2p/src/network.rs::enr_fork_id::L636-672,"The property holds IF BPO forks are correctly tracked in ForkContext.next_fork() separate from phase transitions. Lines 655 and 661-664 correctly keep next_fork_version=current and set next_fork_epoch from fork_context. However, ForkContext is extern","If ForkContext fails to track BPO forks separately, nodes would advertise next_fork_epoch=FAR_FUTURE_EPOCH in their ENR, causing peer discovery issues and potential network splits when BPO forks activate.",storage/proxy+delegatecall; consensus+fork/split; P2P/gossip+validation
grandine_fusaka,vulnerability,PROP-6a4369e9-inv-009,fork_choice_store/src/store.rs::validate_data_column_sidecar_with_state::L2033-2219,"Missing validation: data column sidecars do not check kzg_commitments.len() <= max_blobs_per_block(epoch). Blob sidecars enforce this at L1838-1846, but the equivalent check is absent from data column validation.","Attacker sends data column sidecar via P2P gossip with kzg_commitments.len() exceeding epoch's max_blobs_per_block (e.g., 100 blobs when limit is 21), causing resource exhaustion during KZG verification and violating consensus protocol blob limits.",consensus+fork/split; KZG/blob+commitment; P2P/gossip+validation; state+transition/SSZ
grandine_fusaka,potential-vulnerability,PROP-6a4369e9-inv-014,types/src/config.rs::Config::validate::L853-866,"Config::validate() only checks config_name, never validates fork epoch ordering. Config::phase_at_epoch() (L920-926) relies on take_while over ordered epochs; misordered epochs cause wrong phase detection. Custom YAML configs can supply any epoch val","Operator loads malicious config YAML with misordered epochs (e.g., electra_fork_epoch < deneb_fork_epoch). Node accepts config after validate(). phase_at_epoch() returns wrong phases, causing phase-specific consensus rules to be misapplied or skipped.",overflow/underflow+arithmetic; consensus+fork/split
grandine_fusaka,vulnerability,PROP-56ad1eb2-inv-029,types/src/config.rs::get_blob_schedule_entry::L1044-1046,"Selector assumes descending order and returns first match via find_map. Named network constructors (sepolia L512-520, holesky L637-645, hoodi L739-747) define blob_schedule in ascending order, bypassing serde sorting. With ascending data, first match","On Sepolia at epoch 280000, selector returns entry (274176, max_blobs=15) instead of correct entry (275712, max_blobs=21). Node rejects valid blocks with 16-21 blobs, causing consensus failure.",consensus+fork/split; KZG/blob+commitment; JWT/auth+bypass
lighthouse_fusaka,vulnerability,PROP-6a4369e9-inv-010,beacon_node/beacon_chain/src/data_column_verification.rs::verify_data_column_sidecar::L532-561,"Validation exists but is only enforced on gossip path (L480). RPC paths (DataColumnsByRoot/ByRange at lighthouse_network/src/rpc/codec.rs:696,717) and database loads (store/src/hot_cold_store.rs:2529,3252) bypass the guard, allowing mismatched array ","Malicious peer sends RPC response with column.len()≠kzg_commitments.len()≠kzg_proofs.len(). Deserialization succeeds, validation is skipped, KZG verification accesses wrong indices causing out-of-bounds panic or incorrect proof validation.",KZG/blob+commitment; P2P/gossip+validation; state+transition/SSZ; JWT/auth+bypass; memory+safety/bounds; inclusion+proof/merkle
lighthouse_fusaka,vulnerability,PROP-6a4369e9-pre-009,beacon_node/network/src/network_beacon_processor/rpc_methods.rs::handle_data_columns_by_root_request_inner::L408-460,"The request validation only limits the number of identifiers to max_request_blocks_deneb (128) at decode time in codec.rs:562-570, but does not validate the total column count. An attacker can send 128 identifiers each with 128 columns for 16384 tota","Attacker sends DataColumnsByRoot request with 128 identifiers, each containing max columns per identifier. Total columns requested = 128 * number_of_columns() which can exceed 16384. Node processes all columns, consuming excessive memory and CPU for reconstruction/validation, enabling resource exhaustion DoS.",DoS/revert+gas_limit; memory+safety/bounds; inclusion+proof/merkle
lighthouse_fusaka,vulnerability,PROP-6a4369e9-inv-050,beacon_node/network/src/sync/range_sync/chain.rs::retry_partial_batch::L1102-1107,"NoPeer error from retry_columns_by_range is caught at L1102 but only logged, not propagated. Function returns Ok(KeepChain) at L1107, leaving batch in Downloading state permanently. Batch never transitions to Failed or AwaitingDownload, preventing re","Attacker controls all custody peers for a column or network partitions the node from custody peers. Partial batch retry fails with NoPeer, error is silently swallowed, sync stalls permanently for that batch. Node cannot complete chain sync.",P2P/gossip+validation
lighthouse_fusaka,vulnerability,PROP-6a4369e9-inv-035,beacon_node/network/src/network_beacon_processor/rpc_methods.rs::handle_blobs_by_root_request_inner::L289-366,"Handler lacks epoch-based deprecation check. After FULU_FORK_EPOCH + MIN_EPOCHS_FOR_BLOB_SIDECARS_REQUESTS, the handler continues processing BlobsByRoot requests normally instead of rejecting them. No validation compares current_epoch against fulu_fo","After deprecation threshold (FULU_FORK_EPOCH + 4096 epochs), any peer sends BlobsByRoot RPC request. Node processes it normally via handle_blobs_by_root_request_inner, responding with blobs if available, violating protocol spec deprecation requirement. Causes protocol non-compliance and resource waste on deprecated endpoints.",consensus+fork/split; KZG/blob+commitment; P2P/gossip+validation; state+transition/SSZ; inclusion+proof/merkle
lighthouse_fusaka,vulnerability,PROP-6a4369e9-inv-041,beacon_node/beacon_chain/src/data_column_verification.rs::from_execution_verified::L309-310,"The execution layer path (engine_getBlobsV2 → from_execution_verified) skips KZG verification entirely, while gossip path performs verify_cell_kzg_proof_batch. Cached unverified columns then bypass gossip verification (L486-500), violating equivalenc","Malicious EL provides invalid KZG proofs via engine_getBlobsV2. Consensus layer accepts and caches them without verification (from_execution_verified), then propagates them on gossip, bypassing KZG checks for cached columns. Network accepts invalid data availability proofs.",consensus+fork/split; KZG/blob+commitment; P2P/gossip+validation; JWT/auth+bypass; cache/index+collision
lighthouse_fusaka,potential-vulnerability,PROP-56ad1eb2-inv-018,beacon_node/beacon_chain/src/data_column_verification.rs::verify_data_column_sidecar_for_gossip::L688,"Post-Fulu spec requires get_beacon_proposer_index to return proposer_lookahead[slot % SLOTS_PER_EPOCH]. All three gossip verification paths (data_column L688, blob L536, block L991) call get_beacon_proposer_indices instead, which always recomputes fr","If proposer_lookahead and recomputed values diverge due to state inconsistencies in cheap_state_advance partial updates, different nodes may accept/reject the same block based on which code path executes, causing consensus splits.",storage/proxy+delegatecall; consensus+fork/split; KZG/blob+commitment; P2P/gossip+validation; cache/index+collision
lighthouse_fusaka,vulnerability,PROP-6a4369e9-inv-011,beacon_node/beacon_chain/src/data_column_verification.rs::verify_data_column_sidecar::L538-540,"The empty kzg_commitments check at L538-540 is enforced only in gossip and block publishing paths. RPC-received data columns bypass verify_data_column_sidecar entirely, going directly to KZG verification in data_availability_checker.rs:446, which acc","Attacker sends DataColumnSidecar with empty kzg_commitments via RPC DataColumnsByRange/DataColumnsByRoot request. Bypasses structural validation, passes KZG batch verification (empty list valid), and gets imported into availability cache with semantically invalid state.",KZG/blob+commitment; P2P/gossip+validation; JWT/auth+bypass; cache/index+collision; inclusion+proof/merkle
lighthouse_fusaka,vulnerability,PROP-6a4369e9-post-003,beacon_node/beacon_chain/src/data_column_verification.rs::new_for_block_publishing::L221-250,"Columns from EL (engine_getBlobs) bypass gossip verification via new_for_block_publishing, which skips signature, parent, inclusion proof, and KZG verification, yet are treated as gossip-verified when passed to process_gossip_data_columns. Malicious ","Compromised local EL returns crafted columns via engine_getBlobs with invalid signatures/proofs. These bypass gossip checks via new_for_block_publishing (L221-250), get published to network via publish_column_sidecars, and propagated as valid. Network peers reject them after full verification, causing failed block import and potential slashing.",signature+replay/validation; consensus+fork/split; KZG/blob+commitment; P2P/gossip+validation; JWT/auth+bypass; inclusion+proof/merkle
lighthouse_fusaka,vulnerability,PROP-6a4369e9-inv-036,beacon_node/http_api/src/publish_blocks.rs::publish_column_sidecars::L522-529,publish_column_sidecars() publishes data columns to all computed subnets without validating against the node's sampling_subnets. The subnet is derived from column index (L525) and published directly (L529) with no check that subnet ∈ network_globals.,"A block producer publishes all 128 data columns. The node publishes to all 128 subnets even though it's only subscribed to ~8 custody subnets, violating the PeerDAS spec and enabling network pollution/DOS through unsubscribed subnet publishing.",DoS/revert+gas_limit; KZG/blob+commitment; P2P/gossip+validation; cache/index+collision
lighthouse_fusaka,vulnerability,PROP-57888860-asm-003,beacon_node/beacon_chain/src/fetch_blobs/mod.rs::build_blob_sidecars::L434-437,Blobs from EL are wrapped with KzgVerifiedBlob::from_execution_verified() which skips KZG proof verification entirely. Same issue in v2 path where blobs_to_data_column_sidecars uses EL-provided proofs without validation before propagation.,"Malicious or compromised EL sends invalid blob-commitment pairs. CL accepts them without verification, propagates to network, causing consensus splits when honest nodes reject invalid blobs.",overflow/underflow+arithmetic; consensus+fork/split; KZG/blob+commitment; P2P/gossip+validation
lighthouse_fusaka,vulnerability,PROP-6a4369e9-inv-026,beacon_node/network/src/network_beacon_processor/rpc_methods.rs::handle_data_columns_by_root_request_inner::L408-460,"Data columns are added to cache during KZG verification (block_verification.rs:1324-1332) BEFORE state transition validation (per_block_processing at L1614-1629). When blocks fail state transition, their columns remain in cache. RPC handler serves ca",Attacker sends invalid block via RPC; KZG verification caches its data columns before state transition runs; block fails per_block_processing and is rejected; columns remain cached; honest peer requests DataColumnsByRoot and receives columns for the invalid block.,KZG/blob+commitment; P2P/gossip+validation; state+transition/SSZ; cache/index+collision; inclusion+proof/merkle
lighthouse_fusaka,vulnerability,PROP-6a4369e9-inv-027,consensus/types/src/chain_spec.rs::min_epoch_data_availability_boundary::L828-830,"When blob_retention_epoch > fulu_fork_epoch, line 829 returns current_epoch - MIN_EPOCHS_FOR_DATA_COLUMN_SIDECARS_REQUESTS without enforcing max(result, FULU_FORK_EPOCH). During the window where current_epoch < FULU_FORK_EPOCH + MIN_EPOCHS_FOR_DATA_C","Within 4096 epochs after Fulu fork (when blob_retention_epoch > fulu_fork_epoch but current_epoch - 4096 < fulu_fork_epoch), an attacker can send DataColumnsByRangeRequest for slots before FULU_FORK_EPOCH, requesting data that should not exist (pre-fork). This causes nodes to accept requests for invalid epoch ranges, potentially causing DoS or inconsistent sync state.",DoS/revert+gas_limit; storage/proxy+delegatecall; consensus+fork/split; KZG/blob+commitment
lighthouse_fusaka,vulnerability,PROP-56ad1eb2-inv-014,consensus/types/src/chain_spec.rs::BlobSchedule::new::L1530-1537,"BlobSchedule deserialization and construction lack validation that max_blobs_per_block <= MAX_BLOB_COMMITMENTS_PER_BLOCK (4096). Config entries can specify arbitrary values (e.g., 5000) which are accepted without bounds checking, creating type-safety","Attacker provides ChainSpec config with BLOB_SCHEDULE entry containing max_blobs_per_block=5000. Nodes load config successfully, then accept blocks with 4500 blob commitments (passing runtime check at block_verification.rs:885) but violating SSZ VariableList constraints, causing divergent validation behavior.",consensus+fork/split; KZG/blob+commitment; state+transition/SSZ
lighthouse_fusaka,vulnerability,PROP-6a4369e9-inv-013,beacon_node/beacon_chain/src/data_availability_checker.rs::put_rpc_custody_columns::L240-267,"RPC-imported columns bypass observed_column_sidecars cache. Gossip path calls observe_gossip_data_column (L521 data_column_verification.rs) which updates the cache, but put_rpc_custody_columns only updates observed_slashable. A proposer can publish c","Attacker proposes block B with data column C1 and publishes C1 via gossip (gets cached in observed_column_sidecars). Attacker then serves conflicting column C2 (same index, different data, same signature) via RPC to specific peers. RPC path imports C2 without checking observed_column_sidecars, allowing two contradictory columns for the same (slot, proposer, index) tuple to coexist across the netwo",signature+replay/validation; storage/proxy+delegatecall; KZG/blob+commitment; P2P/gossip+validation; JWT/auth+bypass; cache/index+collision
lighthouse_fusaka,vulnerability,PROP-6a4369e9-asm-001,beacon_node/beacon_chain/src/data_availability_checker.rs::verify_kzg_for_rpc_blocks::L434-448,"RPC/sync data columns from untrusted P2P peers bypass full validation. Gossip path enforces signature verification, proposer checks, and inclusion proofs (L479-508), but RPC custody columns receive only KZG validation (L446), skipping all cryptograph","Attacker responds to DataColumnsByRange with columns having valid KZG proofs but forged signatures or invalid merkle proofs. Columns pass KZG check (L446), get marked available (L467-475), and could be reconstructed or propagated without detecting the forgery.",signature+replay/validation; KZG/blob+commitment; P2P/gossip+validation; JWT/auth+bypass; inclusion+proof/merkle
lighthouse_fusaka,vulnerability,PROP-6a4369e9-inv-028,beacon_node/lighthouse_network/src/rpc/protocol.rs::currently_supported::L396-401,"BlobsByRange protocol remains in supported_protocols list forever (conditional only on Deneb fork existence, not epoch). No code rejects requests after FULU_FORK_EPOCH + MIN_EPOCHS. Handler only validates availability boundary for pruning, not deprec","After FULU activation + MIN_EPOCHS, attacker sends BlobsByRange requests to force nodes to serve deprecated blob data instead of data columns, bypassing PeerDAS migration and enabling resource exhaustion via dual serving obligations.",consensus+fork/split; KZG/blob+commitment; P2P/gossip+validation; state+transition/SSZ; JWT/auth+bypass
lighthouse_fusaka,potential-vulnerability,PROP-6a4369e9-pre-005,beacon_node/beacon_chain/src/data_column_verification.rs::new_for_block_publishing::L221-250,"The main gossip path correctly enforces slot > parent.slot at L504 via verify_slot_higher_than_parent. However, new_for_block_publishing (L221-250) bypasses this check, only calling verify_data_column_sidecar (structural checks) and verify_is_unknown","Local block construction bug or external data source provides sidecar with slot <= parent.slot. Call new_for_block_publishing, which accepts it without slot validation. Result is GossipVerifiedDataColumn that propagates invalid data over network, wasting bandwidth and triggering peer penalties.",workflow+router/report; storage/proxy+delegatecall; P2P/gossip+validation; JWT/auth+bypass; cache/index+collision
lighthouse_fusaka,vulnerability,PROP-6a4369e9-inv-029,beacon_node/network/src/network_beacon_processor/rpc_methods.rs::handle_blobs_by_range_request_inner::L1063-1079,"BlobsByRange serves ALL blobs in requested range without checking fork epoch. After Fulu activation, it continues serving post-Fulu blobs instead of restricting to pre-Fulu (Deneb/Electra) blobs only, violating the fork transition invariant that blob","Peer requests BlobsByRange for slots >= FULU_FORK_EPOCH. Node serves post-Fulu blobs via deprecated RPC method instead of rejecting or filtering, causing protocol confusion and potential consensus divergence with clients that correctly implement the fork transition.",storage/proxy+delegatecall; consensus+fork/split; KZG/blob+commitment; P2P/gossip+validation; state+transition/SSZ
lighthouse_fusaka,potential-vulnerability,PROP-6a4369e9-inv-039,beacon_node/network/src/network_beacon_processor/gossip_methods.rs::process_gossip_data_column_sidecar::L745-765,"IGNORE validation prevents forwarding (correct) but lacks explicit re-processing queue. Messages with FutureSlot/PastFinalizedSlot errors return IGNORE without application-level re-queuing, unlike ParentUnknown which explicitly queues for sync. Proof","Attacker sends data columns just outside clock disparity window. Node returns IGNORE (no forward, correct) but never re-processes when slot becomes valid, causing availability failures if those columns are needed for reconstruction.",storage/proxy+delegatecall; KZG/blob+commitment; P2P/gossip+validation
lighthouse_fusaka,potential-vulnerability,PROP-6a4369e9-inv-030,beacon_node/network/src/network_beacon_processor/rpc_methods.rs::handle_blobs_by_range_request_inner::L1029-1039,"BlobsByRange requests at FULU_FORK_EPOCH can trigger InvalidRequest error (line 1036) when request_start_slot < oldest_blob_slot AND request is outside availability period. InvalidRequest maps to LowToleranceError penalty (peer_manager/mod.rs:588), v","Peer requests blobs from early FULU_FORK_EPOCH slots while those blobs are unavailable (pruned or never stored post-PeerDAS activation). If oldest_blob_slot > request slot but within data_availability_boundary, peer receives LowToleranceError penalty despite making a legitimate transition-period request.",workflow+router/report; storage/proxy+delegatecall; consensus+fork/split; KZG/blob+commitment; P2P/gossip+validation
lighthouse_fusaka,potential-vulnerability,PROP-57888860-inv-028,beacon_node/beacon_chain/src/data_column_verification.rs::verify_data_column_sidecar::L532-561,"Gossip validation checks index bounds (<NUMBER_OF_COLUMNS) but does not verify index matches positional column_index in iteration. An attacker can send sidecars with swapped indices (e.g., index=5 at position 0), passing validation but violating the ","Malicious peer sends DataColumnSidecar with index=N at array position M (N≠M). Gossip verification accepts it (bounds check passes). Downstream KZG operations using cell_ids.push(data_column.index) at line 396 of reconstruct_data_columns will use wrong column indices for cryptographic verification, potentially causing incorrect reconstruction or bypassing data availability guarantees.",KZG/blob+commitment; P2P/gossip+validation; JWT/auth+bypass; cache/index+collision
lighthouse_fusaka,potential-vulnerability,PROP-6a4369e9-inv-008,beacon_node/beacon_chain/src/data_availability_checker.rs::put_rpc_custody_columns::L247-263,"Gossip path validates index range before KZG verification (L480→L535). RPC path performs KZG verification without index validation (L247-249), then silently filters invalid indices (L261). This allows attackers to force expensive KZG operations on in",Malicious peer sends DataColumnsByRoot responses with index >= 128. Node performs costly KZG verification before filtering. Attacker repeats to exhaust CPU resources. No peer penalty applied since validation succeeds but columns are silently dropped.,KZG/blob+commitment; P2P/gossip+validation; cache/index+collision; inclusion+proof/merkle
lighthouse_fusaka,vulnerability,PROP-6a4369e9-inv-009,beacon_node/beacon_chain/src/data_column_verification.rs::verify_data_column_sidecar::L532-561,"Block verification enforces max_blobs_per_block(epoch) runtime check (block_verification.rs:883-886), but data column gossip verification omits this check entirely—only verifying cells==commitments==proofs length consistency, not the epoch-specific u","Attacker crafts data column sidecar with kzg_commitments.len() > max_blobs_per_block for the epoch (e.g., 9 commitments when epoch limit is 6). SSZ VariableList accepts up to MaxBlobCommitmentsPerBlock=4096. The data column passes gossip verification and propagates, causing resource exhaustion or consensus inconsistency when peers process oversized columns that would be rejected during block verif",consensus+fork/split; KZG/blob+commitment; P2P/gossip+validation; state+transition/SSZ
lighthouse_fusaka,potential-vulnerability,PROP-6a4369e9-inv-014,consensus/types/src/chain_spec.rs::apply_to_chain_spec::L2311-2323,"Config deserialization (apply_to_chain_spec) assigns fork epochs without validation. If config file contains out-of-order epochs (e.g., deneb_fork_epoch=100, capella_fork_epoch=200), fork_name_at_epoch() returns wrong fork at epoch 150, causing conse","Operator loads custom config with deneb_fork_epoch < capella_fork_epoch. At intermediate epochs, node applies wrong fork rules (e.g., Deneb logic instead of Capella), diverging from honest peers and potentially accepting invalid blocks.",signature+replay/validation; consensus+fork/split; P2P/gossip+validation; state+transition/SSZ
lodestar_fusaka,vulnerability,PROP-6a4369e9-inv-023,packages/beacon-node/src/network/reqresp/handlers/dataColumnSidecarsByRange.ts::onDataColumnSidecarsByRange::L21-35,"The code yields columns in the order of availableColumns (line 35/83), which preserves the request order via filter (dataColumnResponseValidation.ts:75). No sorting is applied to enforce ascending column_index order as required by the spec.","Malicious peer sends DataColumnSidecarsByRangeRequest with columns=[5,2,8]. Responder yields sidecars in that order within each slot, violating spec-mandated (slot,column_index) ordering and causing interoperability failures with strict clients.",storage/proxy+delegatecall; P2P/gossip+validation; cache/index+collision
lodestar_fusaka,vulnerability,PROP-56ad1eb2-inv-032,packages/beacon-node/src/network/processor/gossipHandlers.ts::validateBeaconDataColumn::L300-308,"Cache key (blockRootHex, index) excludes signature field. Attacker submits sidecar_1 with valid signature (enters cache), then sidecar_2 with invalid signature but same header → cache hit at L301 returns cached entry without executing validateGossipD","Attacker sends valid DataColumnSidecar to populate cache, then resubmits with forged signature. Cache hit causes early return (L307) before validation, accepting and rebroadcasting invalid-signature sidecar to peers via P2P gossip.",signature+replay/validation; P2P/gossip+validation; JWT/auth+bypass; cache/index+collision; inclusion+proof/merkle
lodestar_fusaka,vulnerability,PROP-6a4369e9-inv-012,packages/beacon-node/src/network/processor/gossipHandlers.ts::validateBeaconDataColumn::L296-308,"Deduplication uses blockRootHex (hash of full BeaconBlockHeader including bodyRoot) instead of (slot, proposer_index) as spec requires. This allows equivocating proposers to have multiple data column sidecars accepted for the same (slot, proposer_ind","Malicious proposer creates two blocks A and B at same slot with different bodies (different bodyRoot), producing valid signatures and data column sidecars for column index 0 for both. Both sidecars pass validation and are cached separately (different blockRootHex values), violating spec requirement to accept only the first sidecar for tuple (slot, proposer_index, index).",signature+replay/validation; storage/proxy+delegatecall; P2P/gossip+validation; cache/index+collision; inclusion+proof/merkle
lodestar_fusaka,vulnerability,PROP-6a4369e9-inv-013,packages/beacon-node/src/chain/validation/dataColumnSidecar.ts::validateGossipDataColumnSidecar::L178-180,"The anti-equivocation check (spec requirement #12) is delegated to seenGossipBlockInput which keys by blockRootHex. Two equivocating columns (same slot, proposer, index but different content/signatures) have different blockRootHex values, so both pas","Malicious proposer sends two DataColumnSidecars for (slot=N, proposer=V, index=I) with different content and valid signatures. Both are accepted and stored under different blockRootHex keys, enabling equivocation attacks.",signature+replay/validation; storage/proxy+delegatecall; P2P/gossip+validation; cache/index+collision; inclusion+proof/merkle
lodestar_fusaka,vulnerability,PROP-6a4369e9-inv-043,packages/beacon-node/src/network/reqresp/utils/dataColumnResponseValidation.ts::handleColumnSidecarUnavailability::L58,"Logic inverted: function returns early when blobsCount > 0 (line 58), preventing RESOURCE_UNAVAILABLE error. When a block has blobs but node is missing custody columns, it yields partial sidecars instead of throwing error, violating all-or-nothing re","Attacker requests data columns by range. Node missing some custody columns for a blob-containing block returns partial response instead of RESOURCE_UNAVAILABLE, violating consistency and breaking data availability assumptions.",KZG/blob+commitment
lodestar_fusaka,vulnerability,PROP-6a4369e9-inv-037,packages/beacon-node/src/chain/validation/dataColumnSidecar.ts::validateBlockDataColumnSidecars::L296-370,validateBlockDataColumnSidecars validates kzgProofs.length == kzgCommitments.length (L324) but does NOT validate column.length == kzgCommitments.length. cellIndices/cells arrays use column.length (L346-347) while commitments/proofs use kzgCommitments,"Attacker sends DataColumnSidecar via sync protocol (downloadByRoot/downloadByRange) where column.length != kzgCommitments.length. validateBlockDataColumnSidecars builds arrays with mismatched lengths and passes them to native KZG library, causing undefined behavior, incorrect verification, or crash.",KZG/blob+commitment; state+transition/SSZ; inclusion+proof/merkle
lodestar_fusaka,vulnerability,PROP-6a4369e9-post-002,packages/beacon-node/src/chain/validation/dataColumnSidecar.ts::validateGossipDataColumnSidecar::L23-181,"Validation checks execute in wrong order: expensive getBlockSlotState (check 7, line 101) runs before cheap signature verification (check 5, line 129). Spec mandates check 5 before check 7 to minimize wasted work on invalid messages.","Attacker floods P2P network with data column sidecars having valid headers but invalid proposer signatures. Each message triggers expensive state lookups before rejection, exhausting node resources and degrading network performance.",workflow+router/report; signature+replay/validation; storage/proxy+delegatecall; P2P/gossip+validation; cache/index+collision
lodestar_fusaka,vulnerability,PROP-6a4369e9-pre-008,packages/beacon-node/src/network/reqresp/handlers/dataColumnSidecarsByRange.ts::validateDataColumnSidecarsByRangeRequest::L124-144,"The validateDataColumnSidecarsByRangeRequest function lacks epoch range validation against MIN_EPOCHS_FOR_DATA_COLUMN_SIDECARS_REQUESTS (confirmed by TODO at line 134). The parallel byRoot handler implements this check (lines 18-23), but byRange does","Attacker sends P2P DataColumnSidecarsByRange request with startSlot from epoch older than currentEpoch - 4096. Handler processes request instead of rejecting, causing unnecessary DB queries and violating spec requirement that peers MUST support only the serve range window.",storage/proxy+delegatecall; P2P/gossip+validation; inclusion+proof/merkle
lodestar_fusaka,vulnerability,PROP-6a4369e9-inv-027,packages/beacon-node/src/network/reqresp/handlers/dataColumnSidecarsByRange.ts::validateDataColumnSidecarsByRangeRequest::L124-144,"The validation function is missing the required epoch range check: max(current_epoch - MIN_EPOCHS_FOR_DATA_COLUMN_SIDECARS_REQUESTS, FULU_FORK_EPOCH). Only GENESIS_SLOT is validated (L135). The TODO comment at L134 confirms this is unimplemented, whi","Attacker sends DataColumnSidecarsByRangeRequest with startSlot from epochs before max(current_epoch - 4096, FULU_FORK_EPOCH), bypassing validation. Node wastes resources attempting to serve data columns from epochs it's not required to retain, or serves incorrect partial data.",storage/proxy+delegatecall; consensus+fork/split; JWT/auth+bypass; inclusion+proof/merkle
nethermind_fusaka,vulnerability,PROP-1ada093f-inv-041,src/Nethermind/Nethermind.Serialization.Rlp/Rlp.cs::DecodeArrayPool::L230-241,"DecodeArrayPool lacks per-item exception isolation; one malformed blob tx throws RlpException which propagates through ProtocolHandlerBase.Deserialize (re-throws at L54), causing entire TransactionsMessage batch to fail and peer disconnect at ZeroNet","Attacker sends TransactionsMessage containing 99 valid txs plus 1 blob tx with malformed RLP blob wrapper; DecodeByteArrays throws RlpException on invalid sequence prefix, batch decode fails mid-loop, all 99 valid txs are lost, peer is disconnected with DisconnectReason.Exception.",overflow/underflow+arithmetic; DoS/revert+gas_limit; KZG/blob+commitment; P2P/gossip+validation; state+transition/SSZ
nethermind_fusaka,potential-vulnerability,PROP-aa9e39fd-inv-008,src/Nethermind/Nethermind.TxPool/Filters/MalformedTxFilter.cs::Accept::L21-22,"TxPool and BlockValidator share the same TxValidator singleton that enforces Eip7825Constants.DefaultTxGasLimitCap (16,777,216). However, TxPool uses GetCurrentHeadSpec() while BlockValidator uses GetSpec(block.Header), creating a race window during ","During EIP-7825 fork activation at block N, submit transaction with gasLimit=20M. TxPool accepts it (old spec, cap=MaxValue), peers broadcast it, but block producers reject it when building block N (new spec, cap=16,777,216). This creates mempool pollution and wastes network bandwidth on un-mineable transactions.",front-running/MEV+sandwich; DoS/revert+gas_limit; consensus+fork/split; P2P/gossip+validation
nethermind_fusaka,potential-vulnerability,PROP-aa9e39fd-inv-009,src/Nethermind/Nethermind.TxPool/Filters/GasLimitTxFilter.cs::Accept::L19-38,"GasLimitTxFilter uses Min(blockGasLimit, configuredGasLimit) without incorporating EIP-7825 cap (16777216). Transactions with gasLimit > 16777216 are accepted into mempool if blockGasLimit permits, bypassing the spec cap until HeadTxValidator evicts ","Attacker submits transactions with gasLimit between 16777216 and blockGasLimit (e.g., 20M when blockGasLimit=30M). Transactions are accepted into mempool, broadcast to network, consume resources until next head change triggers eviction. Repeated submissions cause sustained mempool pollution.",workflow+router/report; front-running/MEV+sandwich; DoS/revert+gas_limit; storage/proxy+delegatecall; P2P/gossip+validation; JWT/auth+bypass
nethermind_fusaka,vulnerability,PROP-5a6a79d5-inv-059,src/Nethermind/Nethermind.Crypto/IBlobProofsManager.cs::ValidateHashes::L44-65,"ValidateHashes uses mismatched loop bounds: first loop iterates blobVersionedHashes.Length (hash format check), second loop iterates blobs.Blobs.Length (commitment validation). No length equality assertion between arrays. If lengths differ, either ar","Attacker sends blob tx with more BlobVersionedHashes than wrapper.Blobs. Extra hashes pass format check in first loop but skip commitment validation in second loop, breaking integrity guarantee that every hash commits to an actual blob.",overflow/underflow+arithmetic; DoS/revert+gas_limit; KZG/blob+commitment; JWT/auth+bypass; cache/index+collision
nethermind_fusaka,vulnerability,PROP-aa9e39fd-pre-002,src/Nethermind/Nethermind.Consensus/Processing/BlockProcessor.cs::ProcessOne::L56-70,Block transactions execute before gas cap validation. BlockProcessor.ProcessOne calls ProcessBlock (L62) which executes transactions (L106) without invoking ValidateSuggestedBlock. Gas cap validator (GasLimitCapTxValidator.IsWellFormed) exists but is,"Attacker constructs block with transactions exceeding EIP-7825 gas cap and propagates via P2P. BlockchainProcessor enqueues block, BranchProcessor calls BlockProcessor.ProcessOne which executes all transactions before any validation, consuming excessive gas and enabling DoS.",DoS/revert+gas_limit; consensus+fork/split; P2P/gossip+validation
nimbus_fusaka,vulnerability,PROP-6a4369e9-inv-047,beacon_chain/spec/peerdas_helpers.nim::handle_custody_groups::L50-65,"The while loop at line 50 terminates only when HashSet size equals custody_group_count. However, all inserted elements are bounded by mod NUMBER_OF_CUSTODY_GROUPS (line 58-59), so the set saturates at 128 elements. When peer-reported custody_group_co","Malicious peer advertises custody_group_count = 2^32 via P2P metadata. When victim calls checkPeerCustody or matchIntersection during data column sync, handle_custody_groups enters infinite loop, freezing the requesting thread and causing DoS.",workflow+router/report; DoS/revert+gas_limit; KZG/blob+commitment; P2P/gossip+validation; cache/index+collision
nimbus_fusaka,potential-vulnerability,PROP-6a4369e9-inv-036,beacon_chain/validators/message_router.nim::routeSignedBeaconBlock::L161-167,"Node subscribes only to custody group subnets (~8-16 of 128 total) via nimbus_beacon_node.nim:1350-1352, but when proposing broadcasts ALL 128 data columns to their respective subnets. This violates gossipsub protocol requirement to subscribe before ","Proposer nodes attempt to publish to unsubscribed topics causing libp2p errors, failed message delivery, or peer reputation degradation. Not externally exploitable but causes operational failures.",workflow+router/report; signature+replay/validation; P2P/gossip+validation; state+transition/SSZ
nimbus_fusaka,vulnerability,PROP-6a4369e9-inv-008,beacon_chain/consensus_object_pools/blob_quarantine.nim::getIndex::L236-237,"The gossip path validates index < NUMBER_OF_COLUMNS via verify_data_column_sidecar (peerdas_helpers.nim:356), but the sync path (request_manager.nim:190, validator_custody.nim:168) only calls verify_data_column_sidecar_inclusion_proof, which omits in","A malicious peer serving sync requests can send data column sidecars with index >= 128. When the node processes these via checkColumnResponse and puts them in ColumnQuarantine, the getIndex function performs an unchecked array access to indexMap[index], causing a crash or memory corruption since indexMap is only sized to NUMBER_OF_COLUMNS (128).",workflow+router/report; overflow/underflow+arithmetic; consensus+fork/split; KZG/blob+commitment; P2P/gossip+validation; cache/index+collision; memory+safety/bounds; inclusion+proof/merkle
nimbus_fusaka,vulnerability,PROP-6a4369e9-inv-009,beacon_chain/gossip_processing/gossip_validation.nim::validateDataColumnSidecar::L586-716,"validateDataColumnSidecar lacks epoch-specific max_blobs_per_block validation that exists in validateBeaconBlock (L383-388). verify_data_column_sidecar only checks kzg_commitments.len > 0 and consistency with column.len, allowing sidecars with excess","Attacker sends data column sidecar via P2P with kzg_commitments.len exceeding epoch's max_blobs_per_block (e.g., 100 commitments when limit is 6). Sidecar passes all validation checks and is accepted, causing state inconsistency or resource exhaustion during block reconstruction.",KZG/blob+commitment; P2P/gossip+validation
nimbus_fusaka,vulnerability,PROP-57888860-inv-029,beacon_chain/spec/peerdas_helpers.nim::get_data_column_sidecars::L275-276,"Code adds entire cells/proofs arrays instead of selecting column-specific elements: uses cellsAndProofs[i].cells instead of cellsAndProofs[i].cells[column_index], causing each sidecar.column to contain NUMBER_OF_COLUMNS * blob_count cells instead of ","Malicious block proposer or validator provides crafted CellsAndProofs that exploit the missing column index, causing data column sidecars with incorrect cell counts that fail validation at gossip recipients, leading to network-wide block propagation failure or consensus disruption.",consensus+fork/split; KZG/blob+commitment; P2P/gossip+validation; cache/index+collision
nimbus_fusaka,vulnerability,PROP-6a4369e9-inv-010,beacon_chain/sync/request_manager.nim::requestDataColumnSidecarsByRoot::L176-194,"Sync-received data columns bypass length validation. Gossip path validates via verify_data_column_sidecar (peerdas_helpers.nim:362-364), but sync path only checks inclusion proof in checkColumnResponse (request_manager.nim:190), never calling verify_","Attacker sends DataColumnSidecar over sync protocol with mismatched array lengths (e.g., column.len=6, kzg_proofs.len=4). Block processor calls verify_data_column_sidecar_kzg_proofs which passes mismatched arrays to verifyCellKzgProofBatch, causing out-of-bounds access or crash.",KZG/blob+commitment; P2P/gossip+validation; state+transition/SSZ; JWT/auth+bypass; memory+safety/bounds; inclusion+proof/merkle
nimbus_fusaka,vulnerability,PROP-57888860-pre-002,beacon_chain/sync/request_manager.nim::checkColumnResponse::L176-194,"Sync path validates only inclusion proof (L190) before quarantine insertion (L437), bypassing length equality check in verify_data_column_sidecar. When block_processor calls verify_data_column_sidecar_kzg_proofs directly (L687), mismatched arrays rea","Attacker sends DataColumnSidecar via beaconDataColumnsByRoot with column.len ≠ kzg_commitments.len. Sync validates inclusion proof only, adds to quarantine. Block processor calls KZG batch verification with mismatched array lengths (cellIndices uses column.len, but commitments/proofs have different lengths), causing undefined behavior in C library.",KZG/blob+commitment; JWT/auth+bypass; inclusion+proof/merkle
nimbus_fusaka,vulnerability,PROP-6a4369e9-inv-049,beacon_chain/networking/eth2_network.nim::peerPingerHeartbeat::L2211-2236,"Metadata refresh uses fixed 30-minute timer (MetadataRequestFrequency, line 2208) with no fork-aware acceleration. At Fulu activation, existing peers retain custody_group_count=0 for up to 30 minutes because peerPingerHeartbeat (line 2211) checks onl","All peers connected before Fulu fork retain stale custody_group_count=0 for up to 30 minutes. matchIntersection filter (line 374-384) computes zero overlap with remoteCustodyGroupCount=0, blocking data column sync network-wide during the critical fork transition window.",timestamp/deadline+expiry; consensus+fork/split; P2P/gossip+validation
nimbus_fusaka,potential-vulnerability,PROP-57888860-pre-007,beacon_chain/spec/peerdas_helpers.nim::get_data_column_sidecars::L239-289,"The function lacks validation ensuring cellsAndProofs.len equals blob_kzg_commitments.len. Lines 274-276 iterate over cellsAndProofs.len to extract cells/proofs, while line 281 assigns ALL commitments from the block, creating potential semantic misma","If a caller provides mismatched lengths (e.g., cellsAndProofs.len=3 but commitments.len=4), the constructed DataColumnSidecars would contain inconsistent commitments and cell data, causing validation failures at peers and potential DoS via invalid gossip.",signature+replay/validation; DoS/revert+gas_limit; KZG/blob+commitment; P2P/gossip+validation
nimbus_fusaka,vulnerability,PROP-6a4369e9-inv-011,beacon_chain/sync/request_manager.nim::checkColumnResponse::L190,"Sync request-response path bypasses empty kzg_commitments check. While gossip validation (line 359 of peerdas_helpers.nim) rejects empty kzg_commitments, the sync path only calls verify_data_column_sidecar_inclusion_proof (line 190), which validates ","Attacker responds to DataColumnsByRoot requests with data columns having empty kzg_commitments. Empty list has valid Merkle root, passes inclusion proof check, gets stored in quarantine and DB, then served to other peers.",storage/proxy+delegatecall; KZG/blob+commitment; P2P/gossip+validation; JWT/auth+bypass; inclusion+proof/merkle
nimbus_fusaka,vulnerability,PROP-6a4369e9-asm-003,beacon_chain/validators/message_router.nim::routeSignedBeaconBlock::L115-131,"Fulu blocks skip blob KZG validation before calling computeCells. Lines 115-131 validate blobs only for Deneb/Electra forks, while Fulu path (L155-193) directly broadcasts data columns without validating the source blobs. Invalid blobs from local EL ","Malicious/buggy local EL provides blob with KZG commitment mismatch. Validator calls assemble_data_column_sidecars which invokes computeCells without validation (peerdas_helpers.nim:325), producing invalid cells that are broadcast to the network, corrupting DAS data availability.",workflow+router/report; signature+replay/validation; consensus+fork/split; KZG/blob+commitment; P2P/gossip+validation
nimbus_fusaka,vulnerability,PROP-6a4369e9-post-003,beacon_chain/gossip_processing/block_processor.nim::processBlock::L896,"Data columns from Engine API are discarded: processBlock hardcodes Opt.none(DataColumnSidecars) at line 896 instead of passing entry.columns to storeBlock, causing API-sourced columns to skip gossip validation (validateDataColumnSidecar) that gossip-","Validator imports block with malformed data columns via Engine API; columns bypass KZG proof verification and inclusion proof checks that gossip path enforces, causing incorrect blob availability tracking and potential consensus divergence.",consensus+fork/split; KZG/blob+commitment; P2P/gossip+validation; JWT/auth+bypass; inclusion+proof/merkle
nimbus_fusaka,vulnerability,PROP-57888860-inv-027,beacon_chain/spec/peerdas_helpers.nim::assemble_data_column_sidecars::L327-328,"The function assumes cell_proofs contains exactly blobs.len * CELLS_PER_EXT_BLOB elements but performs no validation. Line 328 performs unchecked indexed access cell_proofs[i * CELLS_PER_EXT_BLOB + j]. None of the three callers (RPC handler, EL respo","Attacker submits block via RPC with N blobs but fewer than N*CELLS_PER_EXT_BLOB proofs. When assemble_data_column_sidecars executes line 328, out-of-bounds access triggers IndexDefect panic, crashing the node (DoS).",workflow+router/report; overflow/underflow+arithmetic; DoS/revert+gas_limit; KZG/blob+commitment; P2P/gossip+validation; cache/index+collision; memory+safety/bounds
nimbus_fusaka,vulnerability,PROP-57888860-pre-006,beacon_chain/spec/peerdas_helpers.nim::assemble_data_column_sidecars::L328,"Missing bounds check before array access. Function assumes cell_proofs.len >= blobs.len * CELLS_PER_EXT_BLOB but no validation exists at any call site (RPC, EL paths, block recovery). Proof fails because REST API and EL interfaces accept external/unt","Attacker sends REST API request to /eth/v2/beacon/blocks with N blobs but fewer than N * CELLS_PER_EXT_BLOB proofs. Line 328 accesses cell_proofs[i * CELLS_PER_EXT_BLOB + j] out of bounds, causing IndexDefect and beacon node crash (DoS).",DoS/revert+gas_limit; KZG/blob+commitment; P2P/gossip+validation; cache/index+collision; memory+safety/bounds
prysm_fusaka,potential-vulnerability,PROP-6a4369e9-inv-036,beacon-chain/sync/subscriber_beacon_blocks.go::processDataColumnSidecarsFromExecution::L154,"Property claims broadcasts only occur on subscribed subnets. The code iterates over custody columns and broadcasts each, but line 154 passes sidecar.Index (column index) directly as the subnet parameter instead of computing the subnet via peerdas.Com","On a network with fewer subnets than columns (e.g., 64 subnets for 128 columns), a node would attempt to broadcast data columns on subnet IDs that equal high column indices (64-127), which are not valid subnet IDs and not subscribed, causing broadcast failures or publishing to unintended topics.",KZG/blob+commitment; P2P/gossip+validation; cache/index+collision
prysm_fusaka,vulnerability,PROP-6a4369e9-inv-042,beacon-chain/verification/data_column.go::inclusionProofKey::L527-547,"The cache key omits KzgCommitments (the data being proven), including only the inclusion proof and header hash. Two data columns with identical proofs/headers but different commitments produce the same cache key, causing the second to skip verificati","Attacker sends valid DataColumnSidecar A, then sends forged DataColumnSidecar M with same inclusion proof and header but malicious KzgCommitments. Cache lookup succeeds on M's key, bypassing full Merkle verification and accepting invalid commitments.",KZG/blob+commitment; JWT/auth+bypass; cache/index+collision; inclusion+proof/merkle
prysm_fusaka,vulnerability,PROP-57888860-asm-003,beacon-chain/execution/engine_client.go::ReconstructBlobSidecars::L641,"ELMemPoolRequirements is empty (verification/blob.go:77), so KZG proof verification (RequireSidecarKzgProofVerified) is skipped. GetBlobsV2 path (L714) bypasses verification entirely via NewVerifiedRODataColumn. Trust assumption contradicts semi-trus","Compromised EL sends blobs with invalid KZG proofs via GetBlobsV1/V2. CL accepts without cryptographic verification and propagates them as verified, corrupting network consensus with invalid blob data.",front-running/MEV+sandwich; consensus+fork/split; KZG/blob+commitment; P2P/gossip+validation; JWT/auth+bypass
prysm_fusaka,potential-vulnerability,PROP-6a4369e9-inv-025,beacon-chain/sync/rpc_data_column_sidecars_by_root.go::dataColumnSidecarByRootRPCHandler::L123,Storage contains data columns verified via RPC by_root (ByRootRequestDataColumnSidecarRequirements: 3 checks) mixed with gossip-validated columns (GossipDataColumnSidecarRequirements: 12 checks). RPC by_root handler serves from storage without re-val,"Attacker provides data column via RPC with valid KZG/inclusion proofs but invalid proposer signature. Node saves to storage, later serves it to peers via by_root RPC, violating the invariant that served sidecars must pass full gossip validation.",signature+replay/validation; storage/proxy+delegatecall; KZG/blob+commitment; P2P/gossip+validation; inclusion+proof/merkle
prysm_fusaka,potential-vulnerability,PROP-57888860-inv-027,beacon-chain/core/peerdas/reconstruction.go::ConstructDataColumnSidecars::L150-166,"Property claims each blob produces exactly CELLS_PER_EXT_BLOB (128) cell-proof pairs. Code calls kzg.ComputeCells() without validating len(cells)==128, then constructs proofs array with exactly 128 elements. If library returns >128 cells, excess cell","If c-kzg-4844 library bug or version mismatch causes ComputeCells() to return ≠128 cells, code silently accepts mismatched CellsAndProofs struct, violating the spec invariant and potentially causing data column reconstruction failures.",KZG/blob+commitment; P2P/gossip+validation
prysm_fusaka,vulnerability,PROP-ff7df16a-post-001,beacon-chain/blockchain/receive_block.go::executeStateTransitionStateGen::L516-517,"Deposit validation failures are wrapped as execReqErr, which is detected at receive_block.go:516 and returned as a raw error (L517) instead of being wrapped in invalidBlock. This violates the property that all deposit validation failures must termina","Attacker submits a P2P block with nil or invalid deposit request. The validation error returns as raw execReqErr rather than invalidBlock, bypassing proper block invalidation in fork choice and potentially allowing invalid blocks to propagate.",overflow/underflow+arithmetic; consensus+fork/split; P2P/gossip+validation; state+transition/SSZ; JWT/auth+bypass
prysm_fusaka,potential-vulnerability,PROP-56ad1eb2-inv-032,beacon-chain/sync/validate_beacon_blocks.go::detectAndBroadcastEquivocation::L498-501,"Signature verification is bypassed when a seen block arrives but the chain head has moved to a different (slot, proposer). The equivocation detector early-returns without calling VerifyProposerSlashing if headBlock slot/proposer doesn't match incomin","Attacker sends Block A (valid) at slot N which becomes head and is cached. Chain advances to slot N+1. Attacker resends slot N with same proposer but crafted invalid signature. The seen-cache triggers equivocation check, but head mismatch causes early return at L498-501, bypassing signature verification entirely.",workflow+router/report; signature+replay/validation; storage/proxy+delegatecall; JWT/auth+bypass; cache/index+collision
prysm_fusaka,vulnerability,PROP-56ad1eb2-inv-006,beacon-chain/state/state-native/state_trie.go::InitializeFromProtoUnsafeFulu::L649-652,"The invariant is enforced at runtime via SetProposerLookahead (validates length on L18-19), but InitializeFromProtoUnsafeFulu bypasses this check by directly copying the protobuf field without validation (L649-652). States deserialized from SSZ or lo","An attacker provides a malicious checkpoint state via SSZ with proposer_lookahead length != 64. The SSZ deserializer (configfork.go:171) or database loader (state.go:552) calls InitializeFromProtoUnsafeFulu, which accepts the invalid length. Subsequent ProcessProposerLookahead calls assume correct length for array indexing (transition.go:34-35), causing out-of-bounds access or incorrect proposer s",storage/proxy+delegatecall; consensus+fork/split; state+transition/SSZ; JWT/auth+bypass; cache/index+collision; memory+safety/bounds
prysm_fusaka,vulnerability,PROP-6a4369e9-inv-012,beacon-chain/sync/validate_data_column.go::validateDataColumn::L157-158,"TOCTOU race: hasSeenDataColumnIndex check (L157) happens during validation, but setSeenDataColumnIndex (subscriber_data_column_sidecar.go:42) only executes after ValidationAccept is returned and the handler runs. Two identical sidecars arriving concu","Attacker broadcasts two identical data column sidecars to different peers; both arrive at victim node simultaneously, pass validation concurrently (both see cache miss), both return ValidationAccept before either marks the tuple as seen in the cache, resulting in duplicate acceptance.",P2P/gossip+validation; cache/index+collision
prysm_fusaka,vulnerability,PROP-6a4369e9-inv-026,beacon-chain/sync/rpc_data_column_sidecars_by_root.go::dataColumnSidecarByRootRPCHandler::L123-141,The RPC handler serves data columns directly from storage without verifying their parent block passed state transition. Data columns are saved asynchronously (subscriber_beacon_blocks.go:40) before block validation completes (L42). The storage retrie,Attacker proposes a block with invalid state transition. The execution-side data column reconstruction (processDataColumnSidecarsFromExecution) runs async and saves columns to storage before ReceiveBlock validation fails. Peers requesting via DataColumnSidecarsByRoot RPC receive invalid sidecars during the race window.,storage/proxy+delegatecall; P2P/gossip+validation; state+transition/SSZ; inclusion+proof/merkle
prysm_fusaka,vulnerability,PROP-6a4369e9-inv-028,beacon-chain/sync/rpc_blob_sidecars_by_range.go::BlobRPCMinValidSlot::L136-148,"Missing Fulu deprecation check. After FULU_FORK_EPOCH + MIN_EPOCHS, BlobRPCMinValidSlot still calculates minStart = currEpoch - minReqEpochs, allowing recent blobs to be served indefinitely. Should reject all requests or return far-future slot once d","After current epoch >= FULU_FORK_EPOCH + MIN_EPOCHS_FOR_BLOB_SIDECARS_REQUESTS, peer sends BlobSidecarsByRangeRequest for recent slots. Handler serves blobs instead of responding empty, violating protocol deprecation requirement and preventing migration to data columns.",timestamp/deadline+expiry; storage/proxy+delegatecall; consensus+fork/split; KZG/blob+commitment; P2P/gossip+validation; state+transition/SSZ
prysm_fusaka,vulnerability,PROP-6a4369e9-inv-043,beacon-chain/sync/rpc_data_column_sidecars_by_range.go::streamDataColumnBatch::L164-165,"The quota check exits immediately when quota reaches zero, breaking out of the sidecar loop mid-block. This violates atomicity: if Block B has sidecars [1,2,3] and quota=2, only sidecars 1 and 2 are sent, leaving sidecar 3 unsent despite sidecar 1 be","Attacker requests a large range forcing quota exhaustion mid-block. Peer receives partial sidecars for the final block, causing reconstruction failure or wasted bandwidth as the incomplete set is below the PeerDAS threshold required for data availability.",flash+loan/atomic; DoS/revert+gas_limit; KZG/blob+commitment; P2P/gossip+validation
prysm_fusaka,vulnerability,PROP-56ad1eb2-inv-014,config/params/loader.go::UnmarshalConfig::L56-70,"Config loader performs YAML unmarshaling into BlobSchedule with no validation that MaxBlobsPerBlock entries are <= 4096. This allows misconfigured nodes to accept BlobSchedule values above the SSZ hard limit (MAX_BLOB_COMMITMENTS_PER_BLOCK=4096), cre","An attacker distributes a malicious config file with BLOB_SCHEDULE: [{EPOCH: 0, MAX_BLOBS_PER_BLOCK: 5000}]. Nodes loading this config will accept blocks with up to 5000 KZG commitments in verifyBlobCommitmentCount (payload.go:239), but such blocks cannot be transmitted over P2P due to SSZ's 4096 hard limit (conversions_block.go:1367, fieldparams/mainnet.go:29). This causes honest validators to pr",price+feed/oracle; consensus+fork/split; KZG/blob+commitment; P2P/gossip+validation; state+transition/SSZ
prysm_fusaka,vulnerability,PROP-6a4369e9-inv-013,beacon-chain/rpc/prysm/v1alpha1/validator/proposer.go::broadcastAndReceiveDataColumns::L502-504,"Locally-produced data columns bypass anti-equivocation cache. The broadcastAndReceiveDataColumns path saves columns via ReceiveDataColumns but never calls setSeenDataColumnIndex, while the gossip subscriber path (receiveDataColumnSidecar:L42) does up","Validator produces and broadcasts data columns which are saved to storage but not marked in the anti-equivocation cache, creating cache inconsistency that could allow duplicate column acceptance if re-submitted through different paths or enable equivocation detection bypass.",storage/proxy+delegatecall; P2P/gossip+validation; JWT/auth+bypass; cache/index+collision
prysm_fusaka,potential-vulnerability,PROP-6a4369e9-inv-029,beacon-chain/sync/rpc_blob_sidecars_by_range.go::streamBlobBatch::L21-58,"The streamBlobBatch function serves all blobs in the requested range without checking if blob epoch < FULU_FORK_EPOCH. MaxBlobsForEpoch() is used only for iteration count, not filtering. No epoch-based guard exists in blobSidecarsByRangeRPCHandler or","During transition near FULU_FORK_EPOCH, a peer requests blob_sidecars_by_range with a range spanning the fork boundary. The handler serves blobs from both pre-Fulu and post-Fulu epochs without filtering, violating the protocol requirement that only pre-Fulu blobs should be served via this RPC after the fork.",consensus+fork/split; KZG/blob+commitment; P2P/gossip+validation; state+transition/SSZ
prysm_fusaka,potential-vulnerability,PROP-56ad1eb2-inv-015,config/params/config.go::MaxBlobsPerBlock::L700-724,"The Fulu spec mandates returning Electra blob limit (9) when no BlobSchedule entry matches, regardless of epoch. Current code returns epoch-dependent fallback (6 for Deneb-era, 9 for Electra-era), violating spec. Since Fulu is not yet activated (Fulu","If Fulu activates without updating this logic, nodes querying epochs with no BlobSchedule match would enforce incorrect blob limits for pre-Electra historical epochs, potentially causing consensus splits during sync or validation.",consensus+fork/split; KZG/blob+commitment
prysm_fusaka,vulnerability,PROP-6a4369e9-pre-008,beacon-chain/sync/rpc_data_column_sidecars_by_range.go::dataColumnSidecarsByRangeRPCHandler::L72-74,"When requests fall outside data_column_serve_range, validateDataColumnsByRange returns nil (L198-200), causing the handler to return nil (L72-74) which sends a success response with zero sidecars instead of responseCodeResourceUnavailable as required","Attacker sends DataColumnSidecarsByRangeRequest with startSlot before minValidSlot or after currentSlot. Server responds with success (code 0x00) and empty data instead of ResourceUnavailable (code 0x03), violating P2P spec expectations.",storage/proxy+delegatecall; P2P/gossip+validation
prysm_fusaka,potential-vulnerability,PROP-57888860-post-003,beacon-chain/blockchain/kzg/validation.go::VerifyCellKZGProofBatchFromBlobData::L135-149,ComputeCells returns len(cells) from external library without validating len(cells) == 128. Code then accesses cells[0..127] in loop without bounds check. Proof fails because contract depends on unverified assumption that c-kzg-4844 library always re,"If external library has bug or version mismatch causing it to return fewer than 128 cells, code panics at cells[columnIndex] access (out-of-bounds), causing validator DoS.",DoS/revert+gas_limit; KZG/blob+commitment; cache/index+collision; memory+safety/bounds
prysm_fusaka,vulnerability,PROP-56ad1eb2-inv-027,beacon-chain/core/signing/signing_root.go::ComputeForkDigest::L304-310,"ComputeForkDigest only uses fork_version and genesis_validators_root (lines 304-310), ignoring blob parameters entirely. For Fulu (EIP-7892), fork digests must incorporate blob params via XOR with hash(epoch||max_blobs). The network schedule correctl","Attacker configures bootnode for Fulu fork with different MaxBlobsPerBlock than the legitimate network but same ForkVersion. ComputeForkDigest (bootnode.go:221) produces identical fork digest. Victim nodes connect to attacker's network thinking it's the same chain, leading to consensus failures, incompatible block processing, and potential chain split.",signature+replay/validation; consensus+fork/split; KZG/blob+commitment; JWT/auth+bypass; cache/index+collision; inclusion+proof/merkle
prysm_fusaka,vulnerability,PROP-6a4369e9-pre-006,beacon-chain/verification/data_column.go::SidecarDescendsFromFinalized::L337-354,"Spec requires get_checkpoint_block(store, parent_root, finalized_epoch) == finalized_root to verify ancestry. Implementation only checks fc.HasNode(parentRoot) which verifies parent exists in fork choice store but does NOT verify it descends from fin","Attacker broadcasts data column sidecar with parent_root on a non-finalized fork (e.g., during reorg window). If parent exists in fork choice but conflicts with finalized checkpoint ancestry, gossip accepts it, causing honest nodes to propagate invalid sidecars and potentially reconstruct invalid blocks.",storage/proxy+delegatecall; consensus+fork/split; P2P/gossip+validation; inclusion+proof/merkle
prysm_fusaka,vulnerability,PROP-57888860-inv-006,beacon-chain/core/peerdas/reconstruction.go::ReconstructDataColumnSidecars::L75-86,"Go map iteration order is randomized by language spec. Lines 79-82 build cellsIndices by iterating sidecarByIndex map without sorting, passing unsorted indices to RecoverCellsAndKZGProofs (line 86). The c-kzg-4844 library requires sorted indices (ver","Attacker sends valid DataColumnSidecars via P2P. Node's reconstruction randomly orders cell indices due to map iteration, causing RecoverCellsAndKZGProofs to fail or produce incorrect recovery results, breaking PeerDAS reconstruction.",KZG/blob+commitment; P2P/gossip+validation; cache/index+collision
prysm_fusaka,vulnerability,PROP-6a4369e9-inv-009,beacon-chain/core/peerdas/p2p_interface.go::VerifyDataColumnSidecar::L34-52,"VerifyDataColumnSidecar checks len(kzg_commitments) > 0 and length consistency, but does NOT validate len(kzg_commitments) <= MaxBlobsPerBlock(epoch). Nodes accept oversized data column sidecars violating the blob schedule limit (6/9/12 depending on ","Attacker gossips data column sidecar with 100 KzG commitments exceeding max_blobs_per_block. Nodes process and store invalid oversized columns, causing memory/CPU exhaustion and potential DoS.",DoS/revert+gas_limit; KZG/blob+commitment; P2P/gossip+validation; memory+safety/bounds
prysm_fusaka,potential-vulnerability,PROP-6a4369e9-inv-014,config/params/loader.go::UnmarshalConfig::L29-73,"Config loader accepts fork epochs from YAML without validating strict ordering (Genesis < Altair < ... < Fulu). The merge() function silently sorts entries by epoch, allowing semantically invalid configs where fork version enums become decoupled from","Misconfigured testnet YAML defines BELLATRIX_FORK_EPOCH < ALTAIR_FORK_EPOCH. Config loads successfully, schedule is epoch-sorted, but version-to-epoch mappings become incorrect, causing nodes to apply wrong fork rules at specific epochs and diverge from correctly-configured peers.",consensus+fork/split; P2P/gossip+validation
prysm_fusaka,vulnerability,PROP-6a4369e9-post-002,beacon-chain/sync/validate_data_column.go::validateDataColumn::L37-38,"Self-peer bypass at L37-38 accepts own messages without any REJECT checks. Local validator's data columns skip all 12 gossip requirements (field validity, KZG proofs, proposer signature, inclusion proofs, etc.) and return ValidationAccept immediately","Compromised local validator or malicious modification of validator client can broadcast invalid data columns (wrong KZG proofs, invalid signatures, incorrect subnets) which are auto-accepted by own node, bypassing all consensus validation. These invalid sidecars propagate to forkchoice/storage before detection.",signature+replay/validation; storage/proxy+delegatecall; consensus+fork/split; KZG/blob+commitment; P2P/gossip+validation; JWT/auth+bypass; inclusion+proof/merkle
prysm_fusaka,vulnerability,PROP-6a4369e9-inv-035,beacon-chain/sync/rpc_blob_sidecars_by_root.go::blobSidecarByRootRPCHandler::L26-109,Handler lacks epoch-based deprecation guard. No rejection when current_epoch >= FULU_FORK_EPOCH + MIN_EPOCHS (4096). Handler remains registered in Fulu fork map (rpc.go:52) and continues serving requests indefinitely as long as data is in retention w,"After FULU_FORK_EPOCH + 4096 epochs, peers send blob_sidecars_by_root requests for recent blobs. Node serves them normally instead of rejecting, delaying PeerDAS migration and enabling resource exhaustion via legacy RPC paths.",consensus+fork/split; KZG/blob+commitment; P2P/gossip+validation; inclusion+proof/merkle
reth_fusaka,potential-vulnerability,PROP-ff7df16a-inv-020,crates/transaction-pool/src/validate/eth.rs::validate_one_no_state::L434-449,"Authorization chain_id validation is missing from Reth's transaction pool validation. Transaction's chain_id is validated (L425-431), but individual authorization.chain_id fields in the authorization_list are never checked. Validation may exist in do","Attacker creates authorization on Chain A, then submits EIP-7702 transaction on Chain B containing that authorization. Transaction's chain_id=B passes validation, but authorization's chain_id=A is never checked in pool validation, potentially allowing cross-chain replay if revm doesn't validate.",signature+replay/validation; JWT/auth+bypass
reth_fusaka,potential-vulnerability,PROP-5a6a79d5-asm-002,crates/transaction-pool/src/validate/eth.rs::validate_one_no_state::L456-488,"Blob transaction validation (lines 456-488) checks fork activation, blob count, and sidecar type, but does not verify that blob transactions are not contract creations (to != None). EIP-4844 prohibits blob transactions from being create transactions,","Attacker submits EIP-4844 blob transaction with to=None (contract creation). Pool validator accepts it despite invalid field combination, polluting mempool with unexecutable transaction that wastes bandwidth and node resources until execution-layer rejection.",front-running/MEV+sandwich; consensus+fork/split; KZG/blob+commitment
reth_fusaka,vulnerability,PROP-ff7df16a-inv-011,crates/transaction-pool/src/validate/eth.rs::validate_one_no_state::L434-449,"The transaction pool validates EIP-7702 transactions have non-empty authorization lists (L443) but never validates individual authorization chain_ids. While transaction-level chain_id is checked (L424-432), each SignedAuthorization has its own chain_","Attacker crafts EIP-7702 transaction with valid tx.chain_id=1 (mainnet) but includes authorizations with auth.chain_id=999. Transaction passes pool validation and enters mempool, enabling cross-chain replay or execution of authorizations intended for different chains.",signature+replay/validation; front-running/MEV+sandwich; JWT/auth+bypass
reth_fusaka,potential-vulnerability,PROP-ff7df16a-asm-002,crates/rpc/rpc-builder/src/auth.rs::AuthServerConfig::start::L105-114,"Property claims all Engine API calls are JWT-authenticated, but IPC transport bypasses JWT entirely. The AuthLayer middleware is only applied to HTTP server (L93) via set_http_middleware(). IPC server is built and started (L109-110) without any authe","Local attacker (malicious process, compromised container, local user) connects to Engine API IPC socket and sends newPayload/forkchoiceUpdated without JWT token, bypassing authentication. EL data is still verified post-execution, but unauthenticated access violates the JWT authentication requirement.",consensus+fork/split; JWT/auth+bypass
rust_eth_kzg_fusaka,vulnerability,PROP-57888860-inv-051,crates/serialization/src/lib.rs::deserialize_compressed_g1::L69-81,"blstrs::G1Point::from_compressed accepts the identity point (point at infinity) as a valid compressed G1 element, returning Some(G1Point::identity()) rather than None. The code at L77-80 propagates this without explicit identity validation, allowing ","Attacker sends blob with commitment=0xc000...0000 (identity point). deserialize_compressed_g1 succeeds, verify_cell_kzg_proof_batch proceeds with identity commitment. Pairing checks may accept trivial proofs since e(O,g2)=1 for identity O, bypassing cryptographic guarantees.",KZG/blob+commitment; P2P/gossip+validation; state+transition/SSZ; JWT/auth+bypass
