source,contest,severity,title,description_excerpt,keyword_matched
sherlock,Arcadia,High,Reentrancy in flashAction() allows draining liquidity pools,"## Summary It is possible to drain a liquidity pool/creditor if the pool’s asset is an ERC777 token by triggering a reentrancy flow using flash actions.  ## Vulnerability Detail The following vulnerability describes a complex flow that allows draining any liquidity pool where the underlying asset is an ERC777 token. Before diving into the vulnerability, it is important to properly understand and highlight some concepts from Arcadia that are relevant in order to allow this vulnerability to take p",dutch+auction; reentrancy+callback/hook
code4rena,Cally (2022-05),High,getDutchAuctionStrike () will return an unfavourable output for seller ,"# Lines of code  https://github.com/code-423n4/2022-05-cally/blob/1849f9ee12434038aa80753266ce6a2f2b082c59/contracts/src/Cally.sol#L419   # Vulnerability details  ## Impact The protocol depends on the mentioned function decrementing to 0 or to the reserveStrike(if any is set by the seller of the option). After testing the efficiency of of getDutchAuctionStrike (), it will return a value lower than the reserveStrike 2-3hrs prior to the auctionEndTimestamp. Which is clearly unfavourable to a selle",dutch+auction
code4rena,Cally (2022-05),High,Strike price curve of `getDutchAuctionStrike` is not what users expect,# Lines of code  https://github.com/code-423n4/2022-05-cally/blob/1849f9ee12434038aa80753266ce6a2f2b082c59/contracts/src/Cally.sol#L399-L423   # Vulnerability details  Note: This submission contains links to a [private fork](https://github.com/sseefried/codearena-cally-2022-05) of the contest repo. User `code423n4` has been added as a collaborator in order to view.  ## Impact  Function `getDutchAuctionStrike` does not implement the function that Option buyers would expect. They probably expect t,dutch+auction
code4rena,Cally (2022-05),High,Inefficiency in the Dutch Auction due to lower duration,"# Lines of code  https://github.com/code-423n4/2022-05-cally/blob/1849f9ee12434038aa80753266ce6a2f2b082c59/contracts/src/Cally.sol#L406-L423   # Vulnerability details   The vulnerability or bug is in the implementation of the function getDutchAuctionStrike() The AUCTION_DURATION is defined as 24 hours, and consider that the dutchAuctionReserveStrike (or reserveStrike) will never be set to 0 by user.  Now if a vault is created with startingStrike value of 55 and reserveStrike of 13.5 , the auctio",dutch+auction
code4rena,Opensea Seaport (2022-05),High,Order partial fulfilling can be blocked by the first fulfiller,# Lines of code  https://github.com/code-423n4/2022-05-opensea-seaport/blob/4140473b1f85d0df602548ad260b1739ddd734a5/contracts/lib/OrderValidator.sol#L205-L212 https://github.com/code-423n4/2022-05-opensea-seaport/blob/4140473b1f85d0df602548ad260b1739ddd734a5/contracts/lib/AmountDeriver.sol#L99-L106   # Vulnerability details  DOS attack is possible as OrderValidator._validateOrderAndUpdateStatus sets order's numerator and denominator based on an arbitrary fulfiller provided input. When there is ,dutch+auction
code4rena,Infinity (2022-06),High,Overpayment of native ETH is not refunded to buyer,"# Lines of code  https://github.com/code-423n4/2022-06-infinity/blob/765376fa238bbccd8b1e2e12897c91098c7e5ac6/contracts/core/InfinityExchange.sol#L119-L121 https://github.com/code-423n4/2022-06-infinity/blob/765376fa238bbccd8b1e2e12897c91098c7e5ac6/contracts/core/InfinityExchange.sol#L1228-L1232   # Vulnerability details  `InfinityExchange` accepts payments in native ETH, but does not return overpayments to the buyer. Overpayments are likely in the case of auction orders priced in native ETH.  I",dutch+auction
code4rena,Infinity (2022-06),High,"user lose some fund whenever they call takeMultipleOneOrders() or takeOrders() to buy tokens with ETH, because the exact price of orders can change and users need to send extra ETH to make sure transaction don't fail and contract don't send back extra ETH",# Lines of code  https://github.com/code-423n4/2022-06-infinity/blob/765376fa238bbccd8b1e2e12897c91098c7e5ac6/contracts/core/InfinityExchange.sol#L296-L328 https://github.com/code-423n4/2022-06-infinity/blob/765376fa238bbccd8b1e2e12897c91098c7e5ac6/contracts/core/InfinityExchange.sol#L330-L364 https://github.com/code-423n4/2022-06-infinity/blob/765376fa238bbccd8b1e2e12897c91098c7e5ac6/contracts/core/InfinityExchange.sol#L1152-L1165   # Vulnerability details  ## Impact Order's currency can be `ET,dutch+auction
code4rena,Artgobblers (2022-09),High,Allowance isn't deleted when burning gobblers in mintLegendaryGobbler(),# Lines of code  https://github.com/code-423n4/2022-09-artgobblers/blob/d2087c5a8a6a4f1b9784520e7fe75afa3a9cbdbe/src/ArtGobblers.sol#L441 https://github.com/code-423n4/2022-09-artgobblers/blob/d2087c5a8a6a4f1b9784520e7fe75afa3a9cbdbe/src/ArtGobblers.sol#L880   # Vulnerability details  ## Impact Legendary gobblers can be minted for free. ## Proof of Concept A simple attack allows anyone with enough gobblers to pay for a legendary to get it for free  Step by step attack :  -Attacker has 69 gobbler,dutch+auction
code4rena,Escher (2022-12),High,Buys and refunds can get stuck forever if the parameters are not set sensibly in the LPDA,"# Lines of code  https://github.com/code-423n4/2022-12-escher/blob/main/src/minters/LPDA.sol#L117-L125 https://github.com/code-423n4/2022-12-escher/blob/main/src/minters/LPDA.sol#L63 https://github.com/code-423n4/2022-12-escher/blob/main/src/minters/LPDA.sol#L101   # Vulnerability details  ## Impact In the [LPDA]() contract, there is a function called `getPrice()` which returns the price of one token by taking into account the drop in price per second of the Dutch auction. It basically calculate",dutch+auction
code4rena,Escher (2022-12),High, Dutch auction getPrice() formula can lead to price reaching 0 and eventually reverting and locking the function.,# Lines of code  https://github.com/code-423n4/2022-12-escher/blob/main/src/minters/LPDA.sol#L124 https://github.com/code-423n4/2022-12-escher/blob/main/src/minters/LPDA.sol#L143 https://github.com/code-423n4/2022-12-escher/blob/main/src/minters/LPDA.sol#L63   # Vulnerability details  ## Impact In the function getPrice() the current price is calculated by taking the start price and subtracting the product of dropPersecond and time elapsed. (start price - (dropPreSecond * timeElapsed)).  The issu,dutch+auction
code4rena,Escher (2022-12),High,"The `buy()` function on Last Price Dutch Auction Sale doesn't check if auction ended, may lead to user loss asset","# Lines of code  https://github.com/code-423n4/2022-12-escher/blob/main/src/minters/LPDA.sol#L58-L89   # Vulnerability details  ## Impact The `buy()` function on Last Price Dutch Auction Sale doesn't check if auction is ended, may lead to user loss asset if user call with `amount` 0 with msg.value > 0  ## Proof of Concept Ideally if the max id (`finalId`) is reached, then the auction will end, so no user can call `buy()`. If we see the `FixedPrice` and `OpenEdition` there is a `selfdestruct` whe",dutch+auction
code4rena,Escher (2022-12),High,LPDA sale `getPrice()` will be broken after time because of overflow calculation,"# Lines of code  https://github.com/code-423n4/2022-12-escher/blob/5d8be6aa0e8634fdb2f328b99076b0d05fefab73/src/minters/LPDA.sol#L117   # Vulnerability details  ## Impact LPDA sale is stand for “Last Price Dutch Auction”, which means price will drop every second from `startPrice`. After all NFTs are saled, it will recorded the `finalPrice` at the time the sale finished with the formula `startPrice - dropPerSecond * timeElapsed`  However, from function `createLPDASale()` in Factory to function `i",dutch+auction
code4rena,Escher (2022-12),High,Funds reserved for refunding users can be steal in LPDA sale,"# Lines of code  https://github.com/code-423n4/2022-12-escher/blob/5d8be6aa0e8634fdb2f328b99076b0d05fefab73/src/minters/LPDA.sol#L81-L88   # Vulnerability details  ## Impact  LPDA sale works like a Dutch Auction, where early buyers will get refund after the sale ended.   In addition, in `buy()` function, when last NFT is saled, it is automatically ending the LPDA sale and send payments to sale receiver, fee to fee receiver. And there are some funds left in the contract for early buyers calling `",dutch+auction
code4rena,Escher (2022-12),High,`saleReceiver` and `feeReceiver` can steal refunds after sale has ended,"# Lines of code  https://github.com/code-423n4/2022-12-escher/blob/main/src/minters/LPDA.sol#L67-L68 https://github.com/code-423n4/2022-12-escher/blob/main/src/minters/LPDA.sol#L81-L88   # Vulnerability details  First, lets go over how a buy happens.  A buyer can buy NFTs at a higher price and then once the auction ends they can use `refund()` to return the over payments. The effect is that they bought the NFTs at the lowest price (Lowest Price Dutch Auction).  Now, let's move on to what happens",dutch+auction
code4rena,Escher (2022-12),High,Buyers may not be able to get a full refund due to malicious/wrong Sale arguments when creating the LPDA contract,"# Lines of code  https://github.com/code-423n4/2022-12-escher/blob/5d8be6aa0e8634fdb2f328b99076b0d05fefab73/src/minters/LPDAFactory.sol#L29-L42   # Vulnerability details  ## Impact When a new `LPDA` contract is created via the `LPDAFactory.sol`, the arguments given to the [`createLPDASale`](https://github.com/code-423n4/2022-12-escher/blob/5d8be6aa0e8634fdb2f328b99076b0d05fefab73/src/minters/LPDAFactory.sol#L29) function are not validated correctly. This means, that a `Last Price Dutch Auction` ",dutch+auction
code4rena,Pooltogether (2023-07),High,Users are capable to make the Vault contract to execute External calls to Arbtirary Addresses by enabling hooks,# Lines of code  https://github.com/GenerationSoftware/pt-v5-vault/blob/b1deb5d494c25f885c34c83f014c8a855c5e2749/src/Vault.sol#L1068-L1074 https://github.com/GenerationSoftware/pt-v5-vault/blob/b1deb5d494c25f885c34c83f014c8a855c5e2749/src/Vault.sol#L1053 https://github.com/GenerationSoftware/pt-v5-vault/blob/b1deb5d494c25f885c34c83f014c8a855c5e2749/src/Vault.sol#L1068-L1074   # Vulnerability details  ## Impact - Allowing the contracts to perform calls to arbitrary addresses has been a vector of ,cowswap/gpv2
code4rena,Badger (2022-06),Medium,`_harvest` has no slippage protection when swapping `auraBAL` for `AURA`  ,"# Lines of code  https://github.com/Badger-Finance/vested-aura/blob/d504684e4f9b56660a9e6c6dfb839dcebac3c174/contracts/MyStrategy.sol#L249 https://github.com/Badger-Finance/vested-aura/blob/d504684e4f9b56660a9e6c6dfb839dcebac3c174/contracts/MyStrategy.sol#L275   # Vulnerability details  ## Impact Single swaps of `_harvest` contains no slippage or deadline, which makes it vulnerable to sandwich attacks, MEV exploits and may lead to significant loss of yield.  ## Proof of Concept When using `BALAN",cowswap/gpv2
code4rena,Yieldy (2022-06),Medium,Staking `preSign` could use some basic validations,"# Lines of code  https://github.com/code-423n4/2022-06-yieldy/blob/524f3b83522125fb7d4677fa7a7e5ba5a2c0fe67/src/contracts/Staking.sol#L769   # Vulnerability details  The function `preSign` acceps any `orderUid` `function preSign(bytes calldata orderUid) external onlyOwner`  Because of how Cowswap works, accepting any `orderUid` can be used as a rug-vector.  This is because the orderData contains a `receiver` which in lack of validation could be any address.  You'd also be signing other parameter",cowswap/gpv2
sherlock,Hats,High,HatsSignerGateBase: valid signer threshold can be bypassed because HSG checks signatures differently from Safe which allows exploitation,## Summary This report deals with how the `HatsSignerGate` and the `Safe` check signatures differently which opens the door to exploitation.  I will show how this allows a valid signer that has become invalid but not yet removed from the `owners` of the Safe to continue signing transactions. The invalid signer can effectively sign transactions as though he was valid.  Also there is the possibility of valid signers calling `Safe.addOwnerWithThreshold`. When an owner is added to the Safe but not a,EIP-1271/isValidSignature
code4rena,Biconomy (2023-01),High,Lack of owner verification in EIP-1271 signature check,"# Lines of code  https://github.com/code-423n4/2023-01-biconomy/blob/53c8c3823175aeb26dee5529eeefa81240a406ba/scw-contracts/contracts/smart-contract-wallet/SmartAccount.sol#L218 https://github.com/code-423n4/2023-01-biconomy/blob/53c8c3823175aeb26dee5529eeefa81240a406ba/scw-contracts/contracts/smart-contract-wallet/SmartAccount.sol#L342   # Vulnerability details  ## Description  In the `checkSignatures` there are checks that the signer is the account owner, but in the case of EIP-1271 signature ",EIP-1271/isValidSignature
code4rena,Biconomy (2023-01),High,Attacker can take control over each SmartAccount proxy and steal all users' funds,# Lines of code  https://github.com/code-423n4/2023-01-biconomy/blob/main/scw-contracts/contracts/smart-contract-wallet/SmartAccount.sol#L342   # Vulnerability details  # Attacker can take control over each SmartAccount proxy and steal all users' funds  ## Impact All users' funds can be stolen by a single attacker (tx gas cost only)  ## Proof of Concept There are 2 main reasons for this vulnerability:  The `.checkSignatures` in [SmartAccount.sol](https://github.com/code-423n4/2023-01-biconomy/bl,EIP-1271/isValidSignature
code4rena,Biconomy (2023-01),High,SmartAccount implementation contract can be destroyed by anyone,# Lines of code  https://github.com/code-423n4/2023-01-biconomy/blob/main/scw-contracts/contracts/smart-contract-wallet/SmartAccount.sol#L192 https://github.com/code-423n4/2023-01-biconomy/blob/main/scw-contracts/contracts/smart-contract-wallet/SmartAccount.sol#L302-L353 https://github.com/code-423n4/2023-01-biconomy/blob/main/scw-contracts/contracts/smart-contract-wallet/SmartAccount.sol#L342   # Vulnerability details  # SmartAccount implementation contract can be destroyed by anyone  ## Impact,EIP-1271/isValidSignature
code4rena,Biconomy (2023-01),High,"when the 'v' value from a signature is 0, checkSignatures function can be tricked","# Lines of code  https://github.com/code-423n4/2023-01-biconomy/blob/53c8c3823175aeb26dee5529eeefa81240a406ba/scw-contracts/contracts/smart-contract-wallet/SmartAccount.sol#L314-L343   # Vulnerability details  ## Impact when the v value of a signature is = 0, the 'checkSignatures' in entryPoint function doesn't check if the signer is the owner of the wallet and assumes that it is from a contract, a malicious party could craft a signature with the v value = 0, and implement the 'ISignatureValidat",EIP-1271/isValidSignature
code4rena,Biconomy (2023-01),High,SmartAccount authorization can be bypassed using a contract signature,"# Lines of code  https://github.com/code-423n4/2023-01-biconomy/blob/main/scw-contracts/contracts/smart-contract-wallet/SmartAccount.sol#L314-L343   # Vulnerability details  # SmartAccount authorization can be bypassed using a contract signature  The `SmartAccount` wallet supports contract signatures defined by EIP1271, similar to how Gnosis Safe does. Transactions to the wallet can be authorized by a contract that implements the `ISignatureValidator` interface. This feature is implemented in th",EIP-1271/isValidSignature
code4rena,Biconomy (2023-01),High,Attacker can bypass signature validation and send arbitrary transactions to be executed by smart wallet.,# Lines of code  https://github.com/code-423n4/2023-01-biconomy/blob/53c8c3823175aeb26dee5529eeefa81240a406ba/scw-contracts/contracts/smart-contract-wallet/SmartAccount.sol#L314-L343   # Vulnerability details  ## Impact On `SmartAccount.sol` logic to handle contract signatures there is no validation of which contracts are allowed to sign the transaction. Therefore an attacker can deploy a contract that validades all signatures sent to it and then craft a signature that points to this contract an,EIP-1271/isValidSignature
code4rena,Biconomy (2023-01),High,EIP-1271 contract signing lets anyone execute any tx from the wallet,# Lines of code  https://github.com/code-423n4/2023-01-biconomy/blob/main/scw-contracts/contracts/smart-contract-wallet/SmartAccount.sol#L314-L343   # Vulnerability details  ## Description The `checkSignatures` in `SmartAccount` is copied from [Gnosis](https://github.com/safe-global/safe-contracts/blob/main/contracts/GnosisSafe.sol#L240-L304). Gnosis wallets can have multiple owners some being contracts. To handle this Gnosis implements [EIP-1271](https://eips.ethereum.org/EIPS/eip-1271) to hand,EIP-1271/isValidSignature
code4rena,Biconomy (2023-01),High,An attacker can execute any transaction by passed own contract signature validator,# Lines of code  https://github.com/code-423n4/2023-01-biconomy/blob/53c8c3823175aeb26dee5529eeefa81240a406ba/scw-contracts/contracts/smart-contract-wallet/SmartAccount.sol#L196 https://github.com/code-423n4/2023-01-biconomy/blob/53c8c3823175aeb26dee5529eeefa81240a406ba/scw-contracts/contracts/smart-contract-wallet/SmartAccount.sol#L218 https://github.com/code-423n4/2023-01-biconomy/blob/53c8c3823175aeb26dee5529eeefa81240a406ba/scw-contracts/contracts/smart-contract-wallet/SmartAccount.sol#L342 ,EIP-1271/isValidSignature
code4rena,Biconomy (2023-01),High,Bypass Authentication ,# Lines of code  https://github.com/code-423n4/2023-01-biconomy/blob/main/scw-contracts/contracts/smart-contract-wallet/SmartAccount.sol#L342   # Vulnerability details  ## Impact  By using a smart contract to return the expected magic value an operator can bypass authentication checks in `SmartAccount`. Bypassing the authentication would allow an operator to call other contracts using someone else's `SmartAccount`.   An operator can craft a signature such that it points to an address he controls,EIP-1271/isValidSignature
sherlock,GFX Labs,High,Lack of segregation between users' assets and collected fees resulting in loss of funds for the users,"## Summary  The users' assets are wrongly sent to the owner due to a lack of segregation between users' assets and collected fees, which might result in an irreversible loss of assets for the victims.  ## Vulnerability Detail  GLX uses the Chainlink Automation to execute the `LimitOrderRegistry.performUpkeep` function when there are orders that need to be fulfilled. The `LimitOrderRegistry` contract must be funded with LINK tokens to keep the operation running.  To ensure the LINK tokens are con",keeper/upkeep/automation
sherlock,GFX Labs,High,Users' funds could be stolen or locked by malicious or rouge owners,"## Summary  Users' funds could be stolen or locked by malicious or rouge owners.  ## Vulnerability Detail  In the contest's README, the following was mentioned.  > ### Q: Is the admin/owner of the protocol/contracts TRUSTED or RESTRICTED? > > restricted. the owner should not be able to steal funds.  It was understood that the owner is not ""trusted"" and should not be able to steal funds. Thus, it is fair to assume that the sponsor is keen to know if there are vulnerabilities that could allow the ",keeper/upkeep/automation
sherlock,Oku's New Order Types Contract Contest,High,Lack of nonReentrant modifier in fillOrder() and modifyOrder() allows attacker to steal funds,## Description **_Root Causes:_** 1. [OracleLess.sol::fillOrder()](https://github.com/gfx-labs/oku-custom-order-types/blob/b84e5725f4d1e0a1ee9048baf44e68d2e53ec971/contracts/automatedTrigger/OracleLess.sol#L103) can be called by anyone with a malicious `txData`.  2. [OracleLess.sol::fillOrder()](https://github.com/gfx-labs/oku-custom-order-types/blob/b84e5725f4d1e0a1ee9048baf44e68d2e53ec971/contracts/automatedTrigger/OracleLess.sol#L103) lacks a `nonReentrant` modifier.  3. [OracleLess.sol::modi,keeper/upkeep/automation
sherlock,Oku's New Order Types Contract Contest,High,attacker can drain StopLimit contract funds through Bracket contract because it gives type(uint256).max  allowance to bracket contract for input token in performUpkeep function,## Discussion  **sherlock-admin2**  The protocol team fixed this issue in the following PRs/commits: https://github.com/gfx-labs/oku-custom-order-types/pull/1,keeper/upkeep/automation
code4rena,Maia (2023-05),High,"getRebalance at TalosManager would suffer underflows when currentTick becomes smaller than the tickLower() of the position, leading to failure to performUpkeep","# Lines of code  https://github.com/code-423n4/2023-05-maia/blob/main/src/talos/TalosManager.sol#L70   # Vulnerability details  ## Impact getRebalance at TalosManager would suffer underflows when currentTick becomes smaller than the tickLower() of the position, leading to failure to performUpkeep.   getRebalance is done by comparing the currentTick with the position's range, if the lower or upper tick is more different from the current tick beyond a certain rebalance threshold, it would return `",keeper/upkeep/automation
code4rena,Maia (2023-05),High,Talos: Calling rebalance and rerange will prevent the owner from collecting their fees and will cause a temporary Dos of the strategy,# Lines of code  https://github.com/code-423n4/2023-05-maia/blob/54a45beb1428d85999da3f721f923cbf36ee3d35/src/talos/base/TalosBaseStrategy.sol#L394 https://github.com/code-423n4/2023-05-maia/blob/54a45beb1428d85999da3f721f923cbf36ee3d35/src/talos/libraries/PoolActions.sol#L56   # Vulnerability details  ## Impact A part of the fees accumulated by the underlying uniswap v3 position is allocated to the owner of the Talos' strategy. Those tokens are kept in the balance of the strategy and can be wit,keeper/upkeep/automation
code4rena,Salty (2024-01),High,"Malicious user can atomically take up to 1% of rewards for all newly whitelisted pools, by using DUST LP","# Lines of code  https://github.com/code-423n4/2024-01-salty/blob/main/src/dao/DAO.sol#L235-L273 https://github.com/code-423n4/2024-01-salty/blob/main/src/Upkeep.sol#L205-L213 https://github.com/code-423n4/2024-01-salty/blob/main/src/staking/StakingRewards.sol#L182-L206   # Vulnerability details  ## Impact  When pools are first whitelisted, a malicious user can atomically take up to 1% of the SALT emissions rewards for those pools in a single tx using DUST amount of LP. Since bootstrapping rewar",keeper/upkeep/automation
code4rena,Salty (2024-01),High,The first staker can get all of the staking rewards ,"# Lines of code  https://github.com/code-423n4/2024-01-salty/blob/53516c2cdfdfacb662cdea6417c52f23c94d5b5b/src/rewards/RewardsEmitter.sol#L82-L137   # Vulnerability details  ## Impact There are rewards distributed among all users that staked. It is assumed that the rewards would be sent when all of the users staked and will be distributed to each of the users depending on the amount they stake. After that, the users can get their reward with `claimAllRewards` or `unstake`.   A problem arises bec",keeper/upkeep/automation
code4rena,Salty (2024-01),High,malicious user can exploit the staking reward system,# Lines of code  https://github.com/code-423n4/2024-01-salty/blob/53516c2cdfdfacb662cdea6417c52f23c94d5b5b/src/staking/StakingRewards.sol#L78-L86   # Vulnerability details  ## Impact malicious user increase share right before adding staking salts and decrease share after that and take the rewards .It will be unfair for long term staker .  ## Proof of Concept  Malicious User deposit wbtc/weth liquidity as collateral to increase share          function depositCollateralAndIncreaseShare( uint256 ma,keeper/upkeep/automation
code4rena,Salty (2024-01),High,Incorrect logic for USDS repayments can result in improper liquidation of protocol owned liquidity,"# Lines of code  https://github.com/code-423n4/2024-01-salty/blob/main/src/stable/Liquidizer.sol#L101-L126 https://github.com/code-423n4/2024-01-salty/blob/main/src/stable/CollateralAndLiquidity.sol#L115-L135   # Vulnerability details  ## Impact  When users repay their borrowed USDS, those tokens are sent to the USDS token address rather than the Liquidizer contract. However, the Liquidizer contract expects this USDS to be part of its balance, and since its not, it has logic to withdraw POL in o",keeper/upkeep/automation
sherlock,Nouns Builder,High,Adversary can permanently brick auctions due to precision error in Auction#_computeTotalRewards,"## Summary  When batch depositing to ProtocolRewards, the msg.value is expected to match the sum of the amounts array EXACTLY. The issue is that due to precision loss in Auction#_computeTotalRewards this call can be engineered to always revert which completely bricks the auction process.  ## Vulnerability Detail  [ProtocolRewards.sol#L55-L65](https://github.com/ourzora/zora-protocol/blob/8d1fe9bdd79a552a8f74b4712451185f6aebf9a0/packages/protocol-rewards/src/ProtocolRewards.sol#L55-L65)          ",settlement+solver/batch
code4rena,Astaria (2023-01),High,`LienToken`: Lender and liquidator can collude to block auction and seize collateral,"# Lines of code  https://github.com/code-423n4/2023-01-astaria/blob/1bfc58b42109b839528ab1c21dc9803d663df898/src/LienToken.sol#L849 https://github.com/code-423n4/2023-01-astaria/blob/1bfc58b42109b839528ab1c21dc9803d663df898/src/LienToken.sol#L642-L643   # Vulnerability details  If a lender offers a loan denominated in an ERC20 token that blocks transfers to certain addresses (for example, the USDT and USDC blocklist), they may collude with a liquidator (or act as the liquidator themselves) to pr",settlement+solver/batch
code4rena,Renft (2024-01),High,PaymentEscrow does not settle the payment batch for the first order in array RentalOrder[],"# Lines of code  https://github.com/re-nft/smart-contracts/blob/3ddd32455a849c3c6dc3c3aad7a33a6c9b44c291/src/modules/PaymentEscrow.sol#L341   # Vulnerability details  ## Impact  The PaymentEscrow.sol contract fails to settle payments for the first order in a list of orders, potentially leading to incorrect/incomplete payment settlements. This issue may impact the accuracy of payment processing. The reason behind this logic flaw is the for-loop, which increments ```i``` as shown ```++i``` in the ",settlement+solver/batch
code4rena,Renft Mitigation (2024-02),High,"An attacker can hijack rentals indefinitely because no validation exists on the consideration item array size, allowing for DoS exploitation via the tipping feature","# Lines of code  https://github.com/re-nft/smart-contracts/blob/97e5753e5398da65d3d26735e9d6439c757720f5/src/policies/Create.sol#L334   # Vulnerability details  # Pre-requisite knowledge & an overview of the features in question  1. **Seaport Tipping feature**: Seaport allows for ""tipping"" in the form of ERC20 tokens as part of the order fulfillment process. You, as a fulfiller, can tip ERC20 tokens to an order by extending the `consideration` array in the order with the additional ERC20 tokens ",settlement+solver/batch
code4rena,Reserve (2024-07),High,GnosisTrade's MAX_ORDERS limit can be circumvented to DoS RToken recollateralization,# Lines of code  https://github.com/code-423n4/2024-07-reserve/blob/3f133997e186465f4904553b0f8e86ecb7bbacbf/contracts/plugins/trading/GnosisTrade.sol#L125   # Vulnerability details  The GnosisTrade contract leverages the Gnosis EasyAuction contract for batch sales.  This contract has a limitation in the fact that its settlement function has a potentially unbounded loop that can cause auctions with large numbers of orders to not be settled:  ```Solidity File: EasyAuction.sol 450:     // @dev fun,settlement+solver/batch
code4rena,Wildcat (2024-08),High,debit owned by borrower  not cleared after full repayment of loan ,"# Lines of code  https://github.com/code-423n4/2024-08-wildcat/blob/fe746cc0fbedc4447a981a50e6ba4c95f98b9fe1/src/market/WildcatMarket.sol#L226   # Vulnerability details  Current implementation lacks the mechanism to clear borrowers debt either by full repayment of debt owned or  closing of market .  This is problematic because if the same market approves a new depositor , internal calculations that rely of the debt amount will be affected since the market will still have pending debt.  ## Proof ",settlement+solver/batch
sherlock,Notional,Medium,`CrossCurrencyfCashVault` Cannot Settle Its Assets In Pieces,"## Summary  The `CrossCurrencyfCashVault` vault cannot settle its assets in pieces. Thus, it might cause the vault to incur unnecessary slippage.  ## Vulnerability Detail  The settle vault function is designed in a manner where its assets can be settled in pieces. Therefore, the `settleVault` function accepts a `strategyTokens` or `strategyTokensToRedeem` parameter to allow the caller to specify the number of strategy tokens to be settled.  The reason as mentioned in Notional's walkthrough video",settlement+solver/batch
sherlock,Notional,Medium,Existing Slippage Control Can Be Bypassed During Vault Settlement,"## Summary  The existing slippage control can be bypassed/disabled during vault settlement, thus allowing the trade to be executed without consideration of its slippage.  ## Vulnerability Detail  > Note 1: This issue affects MetaStable2 and Boosted3 balancer leverage vaults > > Note 2: This issue affects the following three (3) processes. However, the root cause and the remediation action are the same for all. Therefore, only the PoC for the ""Emergency vault settlement"" process will be documente",settlement+solver/batch
sherlock,Perennial V2 Update #2,High,Empty orders do not request from oracle and during settlement they use an invalid oracle version with `price=0` which messes up a lot of fees and funding accounting leading to loss of funds for the makers,"## Summary  When `market.update` which doesn't change user's position is called, a new (current) global order is created, but the oracle version is not requested due to empty order. This means that during the order settlement, it will use non-existant invalid oracle version with `price = 0`. This price is then used to accumulate all the data in this invalid `Version`, meaning accounting is done using `price = 0`, which is totally incorrect. For instance, all funding and fees calculations multipl",settlement+order
code4rena,Renft (2024-01),Medium,Malicious lender can DoS a rental settlement in case they use a consideration order with ER20 considerations tokens that have a blocklist,"# Lines of code  https://github.com/re-nft/smart-contracts/blob/3ddd32455a849c3c6dc3c3aad7a33a6c9b44c291/src/modules/PaymentEscrow.sol#L175   # Vulnerability details  ## Impact Malicious lender can DoS a rental settlement in case they use a consideration order with ER20 considerations tokens that have a blocklist  ## Proof of Concept Some tokens (e.g. USDC, USDT) have a contract level admin controlled address blocklist. If an address is blocked, then transfers to and from that address are forbid",settlement+order
sherlock,Astaria,High,Canceling an auction does not refund the current highest bidder,"## Summary  If the collateral token owner cancels the active auction and repays outstanding debt, the current highest bidder will not be refunded and loses their funds.  ## Vulnerability Detail  The `AuctionHouse.createBid()` function refunds the previous bidder if there is one. The same logic would also be necessary in the `AuctionHouse.cancelAuction()` function but is missing.  ## Impact If the collateral token owner cancels the active auction and repays outstanding debt (`reservePrice`), the ",bid+callback/auction/flash
sherlock,Astaria,High,Canceling an auction with 0 bids will only partially pay back the outstanding debt,"## Summary  Canceling an auction with 0 bids only partially pays back the outstanding debt without removing outstanding liens resulting in the collateralized NFT being locked forever.  ## Vulnerability Detail  Given this scenario of an auction with 0 bids and, for example, a `reservePrice` of 10 ETH and `initiatorFee` set to 10 (= 10%), with the following sequence executed:  1. The auction gets canceled 2. In `AuctionHouse.cancelAuction()`, `_handleIncomingPayment()` accepts incoming transfer of",bid+callback/auction/flash
sherlock,Astaria,High,Auction bid that partially pays back an expired lien will revert,"## Summary  Auction bids will revert for a bid amount that does not fully pay back an expired lien.  ## Vulnerability Detail  The value of `lien.last` is updated to `block.timestamp` in several parts of the code, even for expired liens. Payments made as part of liquidations will set `lien.last` to `block.timestamp` > `lien.start + lien.duration` causing a revert in the flow shown below at step 3 when it is subtracted from `end`:  1. `IPublicVault(lienOwner).afterPayment(lienId);` 2. `slope += LI",bid+callback/auction/flash
sherlock,Astaria,High,Bidder can cheat auction by placing bid much higher than reserve price when there are still open liens against a token,## Summary  When a token still has open liens against it only the value of the liens will be paid by the bidder but their current bid will be set to the full value of the bid. This can be abused in one of two ways. The bidder could place a massive bid like 500 ETH that will never be outbid or they could place a bid they know will outbid and profit the difference when they're sent a refund.  ## Vulnerability Detail      uint256[] memory liens = LIEN_TOKEN.getLiens(tokenId);     uint256 totalLienA,bid+callback/auction/flash
sherlock,Axis Finance,High,Auction creators have the ability to lock bidders' funds.,"## Summary `Auction creators` have the ability to cancel an `auction` before it starts. However, once the `auction` begins, they should not be allowed to cancel it. During the `auction`, `bidders` can place `bids` and send `quote` tokens to the `auction house`. After the `auction` concludes, `bidders` can either receive `base` tokens or retrieve their `quote` tokens. Unfortunately, `batch auction creators` can cancel an `auction` when it ends. This means that `auction creators` can cancel their ",bid+callback/auction/flash
sherlock,Axis Finance,High,Bidders can not claim their bids if the auction creator claims the proceeds.,"## Summary Before the `batch auction` begins, the `auction creator` should `prefund` `base` tokens to the `auction house`. During the `auction`, `bidders` transfer `quote` tokens to the `auction house`. After the `auction` settles, - `Bidders` can claim their `bids` and either to receive `base` tokens or `retrieve` their `quote` tokens. - The `auction creator` can receive the `quote` tokens and retrieve the remaining `base` tokens. - There is no specific order for these two operations.  However,",bid+callback/auction/flash
sherlock,Axis Finance,High,It is possible to DoS batch auctions by submitting invalid AltBn128 points when bidding,"## Summary  Bidders can submit invalid points for the AltBn128 elliptic curve. The invalid points will make the decrypting process always revert, effectively DoSing the auction process, and locking funds forever in the protocol.  ## Vulnerability Detail  Axis finance supports a sealed-auction type of auctions, which is achieved in the Encrypted Marginal Price Auction module by leveraging the ECIES encryption scheme. Axis will specifically use a simplified ECIES implementation that uses the AltBn",bid+callback/auction/flash
code4rena,Size (2022-11),High,Some bidders can withdraw would claim moreof the baseToken when auction CliffPercent value is 1,"# Lines of code  https://github.com/code-423n4/2022-11-size/blob/main/src/util/CommonTokenMath.sol#L47-L69 https://github.com/code-423n4/2022-11-size/blob/main/src/SizeSealed.sol#L451-L464 https://github.com/code-423n4/2022-11-size/blob/main/src/SizeSealed.sol#L370   # Vulnerability details  ## Impact If an auction is created with `a.timings.cliffPercent` set to 1 , then during withdrawal of baseTokens after auction ends, the some bidders to withdraw would claim more tokens than others of the ba",bid+callback/auction/flash
code4rena,Size (2022-11),High,Quotetoken can be address(0) or any EOA and still allow auctions and bids to be created,# Lines of code  https://github.com/code-423n4/2022-11-size/blob/main/src/SizeSealed.sol#L55   # Vulnerability details  ### Impact  [`createAuction()`](https://github.com/code-423n4/2022-11-size/blob/main/src/SizeSealed.sol#L55) in [SizeSealed.sol](https://github.com/code-423n4/2022-11-size/blob/main/src/SizeSealed.sol) performs no validation of the auction parameters (AuctionParameters) sent to it and will allow a Seller to *create an auction* with an ERC20 `quoteToken` of `address(0)` putting ,bid+callback/auction/flash
code4rena,Size (2022-11),High,Bidders might fail to withdraw their unused funds after the auction was finalized because the contract doesn't have enough balance.,"# Lines of code  https://github.com/code-423n4/2022-11-size/blob/706a77e585d0852eae6ba0dca73dc73eb37f8fb6/src/SizeSealed.sol#L325   # Vulnerability details  ## Impact Bidders might fail to withdraw their unused funds after the auction was finalized because the contract doesn't have enough balance.  The main flaw is the seller might receive more quote tokens than the bidders offer after the auction was finalized.  If there is no other auctions to use the same quote token, the last bidder will fai",bid+callback/auction/flash
code4rena,Olympus (2022-08),High,TRSRY: front-runnable `setApprovalFor`,# Lines of code  https://github.com/code-423n4/2022-08-olympus/blob/b5e139d732eb4c07102f149fb9426d356af617aa/src/modules/TRSRY.sol#L64-L72 https://github.com/code-423n4/2022-08-olympus/blob/b5e139d732eb4c07102f149fb9426d356af617aa/src/policies/TreasuryCustodian.sol#L42-L48   # Vulnerability details  ## Impact  An attacker may be able to withdraw more than intended  ## Proof of Concept  Let's say the alice had approval of 100. Now the treasury custodian reduced the approval to 50. Alice could fro,approval+frontrun/drain
code4rena,Olympus (2022-08),High,Treasury withdrawal approvals can be front-run,"# Lines of code  https://github.com/code-423n4/2022-08-olympus/blob/b5e139d732eb4c07102f149fb9426d356af617aa/src/modules/TRSRY.sol#L69   # Vulnerability details  The permissioned `TRSRY.setApprovalFor` function sets approval for specific withdrawer addresses.  However, changing an allowance with this method brings the risk that a withdrawer may use both the old and the new allowance by unfortunate transaction ordering (see the same issue within OZ [ERC20](https://github.com/OpenZeppelin/openzepp",approval+frontrun/drain
code4rena,Olympus (2022-08),High,`TRSRY.setApprovalFor()` can be frontrun,"# Lines of code  https://github.com/code-423n4/2022-08-olympus/blob/main/src/modules/TRSRY.sol#L69   # Vulnerability details  ## Impact This is a known issue from ERC20 contracts, [SWC-114](https://swcregistry.io/docs/SWC-114).  1. Alice approves Bob to spend X tokens. 2. Alice decides to change the approval amount to Y. 3. Bob sees the tx in the mempool and sandwiches by spending X tokens before Alice's tx and Y tokens after her tx. Thus Alice lost X + Y tokens  The custodian can approve arbitr",approval+frontrun/drain
code4rena,Lybra (2023-06),High,Without a proper access control attacker can drain the user's flashborrow contract if the contract gave approval to the PeUSDMainnetStableVision,# Lines of code  https://github.com/code-423n4/2023-06-lybra/blob/7b73ef2fbb542b569e182d9abf79be643ca883ee/contracts/lybra/token/PeUSDMainnetStableVision.sol#L133 https://github.com/code-423n4/2023-06-lybra/blob/7b73ef2fbb542b569e182d9abf79be643ca883ee/contracts/lybra/token/PeUSDMainnetStableVision.sol#L137   # Vulnerability details  ## Impact `PeUSDMainnetStableVision.sol` contract's `executeFlashloan` function does not have proper access control. Therefore anyone can put any user's flashborrow,approval+frontrun/drain
code4rena,Moonwell (2023-07),High,Approval Race Condition,"# Lines of code  https://github.com/code-423n4/2023-07-moonwell/blob/4aaa7d6767da3bc42e31c18ea2e75736a4ea53d4/src/core/router/WETHRouter.sol#L26   # Vulnerability details  ## Impact An approval race condition can occur when a malicious contract uses up the approved amount before the intended contract.  ## Proof of Concept In the constructor, you have `_weth.approve(address(_mToken), type(uint256).max)`. This could potentially lead to an approval race condition. ``` constructor(WETH9 _weth, MErc2",approval+frontrun/drain
code4rena,Tapioca (2023-07),High,"If an attacker exploits the reentrancy, they can repeatedly call the `_callApproval` function with malicious payloads. This may result in repeated approvals that drain the user's token balance.","# Lines of code  https://github.com/Tapioca-DAO/tap-token-audit/blob/59749be5bc2286f0bdbf59d7ddc258ddafd49a9f/contracts/tokens/BaseTapOFT.sol#L332-L353   # Vulnerability details  ## Impact `_callApproval` function iterates over the `approvals` array and calls the `permit` function for each approval item, reentrancy attack can occur if an attacker deploys a malicious contract with a reentrant function that repeatedly calls the `_callApproval` function before previous approval transactions are con",approval+frontrun/drain
code4rena,Dopex (2023-08),High,Separation of approval and execution steps in the `swap` function enables front-running attackers to manipulate transaction ordering for their benefit.,# Lines of code  https://github.com/code-423n4/2023-08-dopex/blob/0ea4387a4851cd6c8811dfb61da95a677f3f63ae/contracts/amo/UniV2LiquidityAmo.sol#L304-L355 https://github.com/code-423n4/2023-08-dopex/blob/0ea4387a4851cd6c8811dfb61da95a677f3f63ae/contracts/amo/UniV2LiquidityAmo.sol#L321-L328   # Vulnerability details  ## Impact  `swap` function approves the AMM Router to spend the `token1` amount before executing the swap. This design exposes a vulnerability where an attacker can potentially front-r,approval+frontrun/drain
code4rena,Zetachain (2023-11),High,`WZETA` approval can be Front-Run,# Lines of code  https://github.com/code-423n4/2023-11-zetachain/blob/b237708ed5e86f12c4bddabddfd42f001e81941a/repos/protocol-contracts/contracts/zevm/WZETA.sol#L3-L61   # Vulnerability details  ## Description  The `WZETA.sol` that uses `WETH9`contract has an [`approve`  function](https://github.com/code-423n4/2023-11-zetachain/blob/b237708ed5e86f12c4bddabddfd42f001e81941a/repos/protocol-contracts/contracts/zevm/WZETA.sol#L36-L40) which allows the `msg.sender` (the approver) to authorize an addr,approval+frontrun/drain
sherlock,GMX,High,Creating an order of type MarketIncrease opens an attack vector where attacker can execute txs with stale prices by inputting a very extense swapPath,"## Summary  The vulnerability relies on the create order function:           function createOrder(         DataStore dataStore,         EventEmitter eventEmitter,         OrderVault orderVault,         IReferralStorage referralStorage,         address account,         BaseOrderUtils.CreateOrderParams memory params         ) external returns (bytes32) {         ReferralUtils.setTraderReferralCode(referralStorage, account, params.referralCode);          uint256 initialCollateralDeltaAmount;       ",price+oracle+swap
sherlock,Isomorph,High,Users are unable close or add to their Lyra vault positions when price is stale or circuit breaker is tripped,"## Summary  Users are unable close or add to their Lyra vault positions when price is stale or circuit breaker is tripped. This is problematic for a few reasons. First is that the circuit breaker can be tripped indefinitely which means their collateral could be frozen forever and they will be accumulating interest the entire time they are frozen. The second is that since they can't add any additional collateral to their loan, the loan may end up being underwater by the time the price is no longe",price+oracle+swap
sherlock,Sentiment Update #2,High,H-01 wstETH-ETH Curve LP Token Price can be manipulated to Cause Unexpected Liquidations,"## Summary  The wsteETH-ETH LP token is priced via it's [`virtual_price`](https://github.com/sherlock-audit/2022-12-sentiment/blob/main/oracle/src/curve/StableCurveEthOracle.sol#L72)  Through what [Chainalysis called View only Reentrancy](https://chainsecurity.com/heartbreaks-curve-lp-oracles/), we can reduce the value of `virtual_price`, causing the RiskEngine to trigger a liquidation event.  ## Vulnerability Detail  Per some testing I made, we know that the Debt for such an account will be den",price+oracle+swap
sherlock,Olympus Update,High,Users can abuse discrepancies between oracle and true asset price to mint more OHM than needed and profit from it,## Summary  All chainlink oracles have a deviation threshold between the current price of the asset and the on-chain price for that asset. The more oracles used for determining the price the larger the total discrepancy can be. These can be combined and exploited to mint more OHM than expected and profit.  ## Vulnerability Detail  [BLVaultLido.sol#L156-L171](https://github.com/sherlock-audit/2023-03-olympus/blob/main/sherlock-olympus/src/policies/BoostedLiquidity/BLVaultLido.sol#L156-L171)      ,price+oracle+swap
sherlock,Unitas Protocol,High,Unitas swap function is vulnerable to Sandwich Attack at oracle price update,"## Summary  WHen the oracle price is updates, an attacker can sandwich the update adderss with 2 swap transactions to gain a profit and drain the collateral.  ## Vulnerability Detail  Inside the `swap` function of the `Unitas` contract the `getLatestPrice` function of the  `XOracle` contract is used to fetch the current price of the USDx token to be swapped to/from. The price has to be updated periodically because the currencies fluctuate against the USD price. A user could use these fluctuation",price+oracle+swap
sherlock,USSD - Autonomous Secure Dollar,High,`StableOracleDAI` calculates `getPriceUSD` with inverted base/rate tokens for Chainlink price,"## Summary  `StableOracleDAI::getPriceUSD()` calculates the average price between the Uniswap pool price for a pair and the Chainlink feed as part of its result.  The problem is that it uses `WETH/DAI` as the base/rate tokens for the pool, and `DAI/ETH` for the Chainlink feed, which is the opposite.  This will incur in a huge price difference that will impact on the amount of USSD tokens being minted, while requesting the price from this oracle.  ## Vulnerability Detail  In `StableOracleDAI::get",price+oracle+swap
sherlock,USSD - Autonomous Secure Dollar,High,"Uniswap v3 pool token balance proportion does not necessarily correspond to the price, and it is easy to manipulate.","## Summary  `getSupplyProportion()` retrieves Uniswap v3 pool balances, but the proportion of pool tokens doesn't always correspond to the price. If `ownval` is less than `1e6 - threshold`, `USSDamount` may be lower than `DAIamount`, causing L97 `USSDamount - DAIamount` to revert due to underflow. Proportion can be easily manipulated, which can be exploited by attackers.  ## Vulnerability Detail  `getSupplyProportion()` retrieves the balances of the Uniswap v3 pool. However, due to the different",balance+stale/race; price+oracle+swap
sherlock,Flat Money,High,Malicious keepers can manipulate the price when executing an order,"## Summary  Malicious keepers can manipulate the price when executing an order by selecting a price in favor of either the LPs or long traders, leading to a loss of assets to the victim's party.  ## Vulnerability Detail  When the keeper executes an order, it was understood from the protocol team that the protocol expects that the keeper must also update the Pyth price to the latest one available off-chain. In addition, the [contest page](https://github.com/sherlock-audit/2023-12-flatmoney-xiaomi",price+oracle+swap
sherlock,Flayer,High,````UniswapImplementation.beforeSwap()```` is  vulnerable to price manipulation attack,The protocol has acknowledged this issue.,price+oracle+swap
sherlock,Notional Exponent,High,Incorrect assumption that one (1) Pendle Standard Yield (SY) token is equal to one (1) Yield Token when computing the price in the oracle,"This issue has been acknowledged by the team but won't be fixed at this time.   ## Discussion  **T-Woodward**  This is an issue that will be managed through proper parameter choices, not code.  All SY tokens give you the option to redeem to a matching token (i.e. rsETH SY -> rsETH). If redeeming to the matching token, there will not be a fee or a trade and one SY will equal one yield token.  So we'll just make sure to always redeem to the matching token and double check the SY's redemption funct",price+oracle+swap
sherlock,Astaria,High,A malicious lien owner can exploit a reentrancy to steal LP funds,## Summary  A malicious lien owner can exploit a reentrancy in auctions to have their liens removed without making their payments and thus stealing LP funds.  ## Vulnerability Detail  A malicious lien owner can exploit a reentrancy from the callback to `decreaseYIntercept()` in `endAuction()` to call `cancelAuction()` and then take a new loan whose lien token is removed when control returns back to `endAuction()`.  ## Impact  PoC: https://gist.github.com/lucyoa/901a7713fded73293b5e4f9452344c5a  ,reentrancy+callback/hook
sherlock,Blueberry Update,High,`BalancerPairOracle` can be manipulated using read-only reentrancy,"## Summary  `BalancerPairOracle.getPrice` makes an external call to `BalancerVault.getPoolTokens` without checking the Balancer Vault's reentrancy guard. As a result, the oracle can be trivially manipulated to liquidate user positions prematurely.  ## Vulnerability Detail  In February, the Balancer team disclosed a read-only reentrancy vulnerability in the Balancer Vault. The detailed disclosure can be found [here](https://forum.balancer.fi/t/reentrancy-vulnerability-scope-expanded/4345). In sho",balance+stale/race; reentrancy+callback/hook
sherlock,Notional Exponent,High,Cross-contract reentrancy allows YIELD_TOKEN theft for the `GenericERC4626` `WithdrawalRequestManager` variant,"## Description Since the `WithdrawalRequestManager` allows `onlyVault` operations for multiple different strategy ""vaults"",..  A combination of a default reentrancy + cross-contract reentrancy is possible...  ...Through which `YIELD_TOKEN`s can be drained from the `WithdrawalRequestManager`...  ...---> to the yield strategy where the strategy's `depositAsset != WithdrawalRequestManager.STAKE_TOKEN`.  This way, the strategy will record a higher surplus (aka delta) of `YIELD_TOKEN`s in the current",reentrancy+callback/hook
code4rena,Sandclock (2022-01),High,No reentrancy guard on mint() function with state updates after callback ,# Handle  jayjonah8   # Vulnerability details  ## Impact In Depositors.sol the mint() function eventually calls _safeMint() which has a callback that can be used to reenter the function.  Since state updates are made after the call to _safeMint this is dangerous because the function can be reentered multiple times while the deposits are only updated once.   ## Proof of Concept https://github.com/code-423n4/2022-01-sandclock/blob/main/sandclock/contracts/vault/Depositors.sol#L53  ## Tools Used Ma,reentrancy+callback/hook
code4rena,Sandclock (2022-01),High,sponsor() function in open to reentrancy attacks,# Handle  jayjonah8   # Vulnerability details  ## Impact In Vault.sol the sponsor() function does not have a reentrancy guard allowing an attacker to reenter the function because the depositors.mint() function has as callback to the msg.sender.  Since there are state updates after the call to depositors.mint() function this is especially dangerous.  An attacker can make it so the totalSponsored amount is only updated once after calling mint() several times since the update takes place after the ,reentrancy+callback/hook
code4rena,Sandclock (2022-01),High,deposit() function is open to reentrancy attacks,# Handle  jayjonah8   # Vulnerability details  ## Impact In Vault.sol the deposit() function is left wide open to reentrancy attacks.  The function eventually calls _createDeposit() => _createClaim() which calls depositors.mint() which will then mint an NFT.  When the NFT is minted the sender will receive a callback which can then be used to call the deposit() function again before execution is finished.  An attacker can do this minting multiple NFT's for themselves.  claimers.mint() is also cal,reentrancy+callback/hook
code4rena,Xdefi (2022-01),High,Reentrancy allows attacker to lock the funds deposited in the contract,"# Handle  tqts   # Vulnerability details  ## Impact It is possible for attackers to exploit a reentrancy issue in `_lock(uint256,uint256,address)` that would allow them to lock all funds deposited prior to the attack.  ## Proof of Concept The problem lies in the `lock(uint256,uint256,address)` function, that transfers the `XDEFI` tokens from the caller and then calls `_lock(uint256,uint256,address)`.  When `_lock(uint256,uint256,address)` is called, it calls `_safeMint(destination_, tokenId_)`, ",reentrancy+callback/hook
code4rena,Ens (2022-07),High,NameWrapper._transferAndBurnFuses() allows reentrancy on onERC1155Received callback,"# Lines of code  https://github.com/code-423n4/2022-07-ens/blob/main/contracts/wrapper/NameWrapper.sol#L813 https://github.com/code-423n4/2022-07-ens/blob/main/contracts/wrapper/NameWrapper.sol#L524 https://github.com/code-423n4/2022-07-ens/blob/main/contracts/wrapper/NameWrapper.sol#L572   # Vulnerability details  ## Impact When calling the internal function _transferAndBurnFuses() in NameWrapper.setSubnodeOwner() or NameWrapper.setSubnodeRecord() , ERC1155Fuse._transfer() is called before `_se",reentrancy+callback/hook
code4rena,Fractional (2022-07),High,modules/Buyout.sol: reentrance vaulnerability result in proposer's eth freezing.,"# Lines of code  https://github.com/code-423n4/2022-07-fractional/blob/8f2697ae727c60c93ea47276f8fa128369abfe51/src/modules/Buyout.sol#L149   # Vulnerability details  ## Impact reentrance vaulnerability result in proposer's eth freezing.  ## Proof of Concept in function buyFractions, its logic is shown below:  ```solidity     function buyFractions(address _vault, uint256 _amount) external payable {         // Reverts if address is not a registered vault         (address token, uint256 id) = IVau",reentrancy+callback/hook
code4rena,Non Fungible (2022-11),High,Reentrancy attack can be used to externally call the `_execute` function in the Exchange contract,# Lines of code  https://github.com/code-423n4/2022-11-non-fungible/blob/main/contracts/Exchange.sol#L216 https://github.com/code-423n4/2022-11-non-fungible/blob/main/contracts/Exchange.sol#L238   # Vulnerability details  # Reentrancy attack can be used to externally call the `_execute` function in the Exchange contract  The `_execute` function present in the Exchange contract is intended to be called only internally using `delegatecall` by the `execute` and `bulkExecute` functions. This is achi,reentrancy+callback/hook
sherlock,Blueberry,High,IchiLpOracle is extemely easy to manipulate due to how IchiVault calculates underlying token balances,"## Summary  `IchiVault#getTotalAmounts` uses the `UniV3Pool.slot0` to determine the number of tokens it has in it's position. `slot0` is the most recent data point and is therefore extremely easy to manipulate. Given that the protocol specializes in leverage, the effects of this manipulation would compound to make malicious uses even easier.  ## Vulnerability Detail  [ICHIVault.sol](https://etherscan.io/token/0x683f081dbc729dbd34abac708fa0b390d49f1c39#code#L3098)      function _amountsForLiquidi",balance+stale/race
sherlock,DODO V3,High,traceurl - miss updating pool's token balance after finishLiquidation(),"## Summary In D3Liquidation's finishLiquidation() function, update pool's token balance is missing.  ## Vulnerability Detail https://github.com/sherlock-audit/2023-06-dodo/blob/a8d30e611acc9762029f8756d6a5b81825faf348/new-dodo-v3/contracts/DODOV3MM/D3Vault/D3VaultLiquidation.sol#L145   ## Impact After finishLiquidation, there will be unequally of pool's token balance record and IERC20(token).balanceOf(pool), which will causing serious problems.  ## Tool Used Manual Review  ## Recommandation Call",balance+stale/race
code4rena,Asymmetry (2023-03),High,ERC20 tokens can be sent to derivative contracts to manipulate the balance() result,# Lines of code  https://github.com/code-423n4/2023-03-asymmetry/blob/main/contracts/SafEth/derivatives/WstEth.sol#L93-L95 https://github.com/code-423n4/2023-03-asymmetry/blob/main/contracts/SafEth/derivatives/Reth.sol#L221-L223 https://github.com/code-423n4/2023-03-asymmetry/blob/main/contracts/SafEth/derivatives/SfrxEth.sol#L122-L124   # Vulnerability details  ## Impact Function `balance()` returns the balance of the ERC20 token in the specific contract and it can be manipulated by sending ERC,balance+stale/race
code4rena,Rubicon (2023-04),High,A user can manipulate his balance of ``myBathTokenBuddy`` and then boost his earnings.,"# Lines of code  https://github.com/code-423n4/2023-04-rubicon/blob/511636d889742296a54392875a35e4c0c4727bb7/contracts/periphery/BathBuddy.sol#L139-L155   # Vulnerability details  ## Impact Detailed description of the impact of this finding. The rewards a user earned is determined based on his current balance of ``myBathTokenBuddy``. As a result, a user can temporarily raise his balance (possibly by borrowing) and thus boost his rewards.   ## Proof of Concept Provide direct links to all referenc",balance+stale/race
code4rena,Amphora (2023-07),High," Attacker can repeatedly enter the _borrow function, withdraw funds, and manipulate the contract's balance, potentially draining it of its available funds.","# Lines of code  https://github.com/code-423n4/2023-07-amphora/blob/daae020331404647c661ab534d20093c875483e1/core/solidity/contracts/core/VaultController.sol#L551 https://github.com/code-423n4/2023-07-amphora/blob/daae020331404647c661ab534d20093c875483e1/core/solidity/contracts/core/VaultController.sol#L527-L551   # Vulnerability details  ## Impact An attacker can repeatedly enter the `_borrow` function, withdraw funds, and manipulate the contract's balance, potentially draining it of its availa",balance+stale/race
code4rena,Tapioca (2023-07),High,"[HB11] `LidoEthStrategy.sol`: `currentBalance`, and therefore collateral amount can be manipulated via flash swaps","# Lines of code  https://github.com/Tapioca-DAO/tapioca-yieldbox-strategies-audit/blob/05ba7108a83c66dada98bc5bc75cf18004f2a49b/contracts/lido/LidoEthStrategy.sol#L118-L125   # Vulnerability details  ## Impact  The contract `LidoEthStrategy.sol` manages WETH tokens and deposits them to the stETH-eth pool to earn swap fees. The function `_currentBalance` calculates the total stETH backing of the strategy by doing a static call to the curve contract, and finding the total amount of WETH the held s",balance+stale/race
code4rena,Tapioca (2023-07),High,[HB01] `BalancerStrategy.sol`: `currentBalance` is manipulatable with large swaps,"# Lines of code  https://github.com/Tapioca-DAO/tapioca-yieldbox-strategies-audit/blob/05ba7108a83c66dada98bc5bc75cf18004f2a49b/contracts/balancer/BalancerStrategy.sol#L290-L297   # Vulnerability details  ## Impact  The Balancer strategy contract is used to manage positions on balancer. This contract takes takes WETH and provides single sided liquidity to the BAL-WETH pair on mainnet. however this BAL-WETH pair is 80-20 pair, with 80% weight on BAL. Thus when single sided liquidity is provided, ",balance+stale/race
code4rena,Tapioca (2023-07),High,BalancerStrategy cached withdrawable amount allows for manipulation of share pricing,"# Lines of code  https://github.com/Tapioca-DAO/tapioca-yieldbox-strategies-audit/blob/05ba7108a83c66dada98bc5bc75cf18004f2a49b/contracts/balancer/BalancerStrategy.sol#L213   # Vulnerability details  ## Impact Caching of variable withdrawable amounts as though they're fixed allows for manipulation of share pricing, giving an attacker the ability to drain the contract.  ## Proof of Concept `BalancerStrategy` caches the amount of withdrawable wrapped native tokens after each withdrawal.  ```solidi",balance+stale/race
code4rena,Dopex (2023-08),High,"the _totalCollateral variable can be manipulated by the perpetualAtlanticVault through the addProceeds and subtractLoss functions, allowing it to artificially inflate the total collateral balance. ",# Lines of code  https://github.com/code-423n4/2023-08-dopex/blob/eb4d4a201b3a75dd4bddc74a34e9c42c71d0d12f/contracts/perp-vault/PerpetualAtlanticVaultLP.sol#L245-L247   # Vulnerability details  ## Impact It could allow the vault to artificially inflate _totalCollateral and drain funds  ## Proof of Concept  https://github.com/code-423n4/2023-08-dopex/blob/eb4d4a201b3a75dd4bddc74a34e9c42c71d0d12f/contracts/perp-vault/PerpetualAtlanticVaultLP.sol#L195 https://github.com/code-423n4/2023-08-dopex/blo,balance+stale/race
sherlock,Blueberry (2023-02),High,ChainlinkAdapterOracle will return the wrong price for asset if underlying aggregator hits minAnswer,Chainlink aggregators have a built in circuit breaker if the price of an asset goes outside of a predetermined price band. If an asset experiences a huge drop in value the oracle will continue to return the minPrice instead of the actual price.,minAnswer/maxAnswer
code4rena,Moonwell (2023-07),High,No minAnswer/maxAnswer Circuit Breaker Checks while Querying Prices in getChainlinkPrice,The getChainlinkPrice function retrieves the latest round data from Chainlink. In the event that an asset market price falls below minAnswer or rises above maxAnswer the returned price would still be the boundary value instead of the actual market price.,minAnswer/maxAnswer
sherlock,USSD (2023-05),High,Risk of Incorrect Asset Pricing by StableOracle in Case of Underlying Aggregator Reaching minAnswer,If the price of a collateral asset crashes dramatically the Chainlink aggregator will return minAnswer rather than the actual collapsed price. The StableOracle contracts do not validate that the returned price is not at the min/max boundary.,minAnswer/maxAnswer
sherlock,Sentiment (2023-01),Medium,No check if Arbitrum L2 sequencer is down in Chainlink feeds,Using Chainlink in L2 chains such as Arbitrum requires checking if the sequencer is down to avoid prices from looking like they are fresh although they are not.,L2_sequencer
sherlock,Perennial V2 (2023-05),Medium,Missing Sequencer Uptime Feed check can cause unfair liquidations on Arbitrum,The ChainlinkOracle does not make use of the sequencer uptime feed to check the status of the sequencer.,L2_sequencer
sherlock,Flat Money (2023-12),Medium,No check if Base L2 sequencer is down in Chainlink feeds,The _getOnchainPrice() function does not check the Sequencer Uptime Feed to confirm the sequencer status before consuming Chainlink price data.,L2_sequencer
sherlock,USSD (2023-05),High,The price from StableOracleDAI is returned with the incorrect number of decimals,The price returned from getPriceUSD is scaled up by 1e10 resulting in 28 decimals instead of 18. The Chainlink DAI/ETH price feed returns 18 decimals but code treats it as 8.,oracle_decimals
sherlock,Debita Finance (2024-10),High,Chainlink oracle does not account for aggregator decimals making it unusable,The Debita Chainlink oracle returns the exact price without accounting for the fact that Chainlink does not always return prices in the same decimals.,oracle_decimals
sherlock,Knox Finance (2022-09),Medium,Chainlink latestRoundData might return stale or incorrect results,The function uses Chainlink latestRoundData() with no validation that answeredInRound >= roundId that updatedAt > 0 or that price > 0.,roundId_validation
sherlock,Blueberry (2023-02),High,Chainlink reported answer can be carried over and stale,The getPrice function does not check answeredInRound against the current roundId. If answeredInRound is less than roundId the answer is stale.,roundId_validation
sherlock,Blueberry Update,High,Potential flash loan attack vulnerability in getPrice function of CurveOracle,The getPrice function retrieves spot price of each token in a Curve LP pool and multiplies by virtual price. Flash loans can manipulate these values.,flash_loan_oracle
sherlock,USSD (2023-05),High,Price calculation susceptible to flashloan exploits,Contract uses uniswap slot0 price instead of TWAP price. slot0 price can be manipulated with flash loans in a single transaction.,flash_loan_oracle
code4rena,Behodler (2022-01),High,Flash loan price manipulation in purchasePyroFlan(),An attacker can use a flash loan to push the pool price to exactly the acceptable threshold forcing the protocol to accept a manipulated price.,flash_loan_oracle
sherlock,Astaria,High,Epochs can be progressed during ongoing auctions to cause LP fund loss,The currentEpoch can be progressed while having an ongoing auction which messes up liquidation logic. Uses fixed duration instead of real timestamp.,timestamp_auction
code4rena,Nouns Builder (2022-09),High,Same block.timestamp has multiple checkpoint state variables allowing vote manipulation,getPastVotes() uses binary search which returns a result if it encounters the same timestamp. Timestamps are not unique in the checkpoints array.,timestamp_manipulation
sherlock,GMX,High,User-supplied slippage for decrease orders is ignored,The user-supplied minOutputAmount parameter for controlling slippage is ignored when a user decreases their position. Infinite slippage is allowed.,sandwich_mev
sherlock,GMX,High,No slippage for withdrawal without swapping path,When user withdraws in cases without a swapping path there is no minOutputAmount enforcement meaning a MEV bot can sandwich the withdrawal.,sandwich_mev
sherlock,Optimism,High,Malicious user can finalize others withdrawal with less than specified gas limit,Transactions to execute a withdrawal can be sent with 5122 less gas than specified. A malicious user can call finalizeWithdrawalTransaction() causing silent failure.,gas_griefing
sherlock,Knox Finance,High,Unbounded loop in _previewWithdraw and _redeemMax Can Lead To DoS,Unbounded loops go through all orders in orderbook costing gas and may revert due to exceeding the block gas limit.,unbounded_loop
sherlock,OpenQ,High,Refunds can be bricked by triggering OOG in DepositManager,The DepositManager runs a for loop over an unbounded array. This array can be made large enough to exceed the block gas limit stopping refunds.,unbounded_loop
sherlock,Carapace,High,Lending pool state transition will be broken when pool is expired in late state,When a pool expires while in late state the state machine transitions incorrectly permanently locking capital.,state_transition
sherlock,Carapace,High,Protection sellers can bypass withdrawal delay mechanism,Withdrawal delay mechanism can be bypassed by creating a withdraw request in each cycle allowing front-running of default events.,state_transition
sherlock,Fair Funding (Alchemix),High,Incorrect shares accounting causes liquidations to fail,Accounting mismatch when marking claimable yield against vault shares causes failing liquidations. total_shares is not updated.,token_accounting
sherlock,GMX,High,Incorrect parameter ordering in updateTotalBorrowing,The ordering of parameters in updateTotalBorrowing() is incorrect causing internal accounting to diverge from actual balances.,token_accounting
sherlock,Astaria,High,_deleteLienPosition can be called by anyone,_deleteLienPosition is a public function without caller check. Anyone can remove any lien from any collateral.,missing_access_control
sherlock,Notional,High,Bought Token Can Be Sent To Attacker Wallet Using 0x Adaptor,Lack of recipient validation allows purchased tokens to be sent to attacker wallet. settleVaultEmergency is permissionless.,missing_access_control
sherlock,Midas,High,Malicious users can bypass the blacklist via renounceRole,Users can bypass the blacklist through OpenZeppelin renounceRole function which is unguarded.,default_admin_role
code4rena,Livepeer (2022-01),Medium,DEFAULT_ADMIN_ROLE can approve arbitrary address to spend from L1Escrow,L1Escrow approve() allows DEFAULT_ADMIN_ROLE to approve any spender for any value on any token held in escrow.,default_admin_role
sherlock,Cooler,High,Use safeTransfer consistently — return value not checked,Some tokens do not revert on failure but return false. transfer/transferFrom is used and the return value is not checked.,erc20_return_value
sherlock,Bond Options,High,All funds can be stolen from FixedStrikeOptionTeller using fee-on-transfer token,The create function records the nominal sent amount rather than the actual received amount allowing exploitation via fee-on-transfer tokens.,fee_on_transfer
sherlock,Sentiment,Medium,Balances of rebasing tokens are not properly tracked,Rebasing tokens where balanceOf() changes over time are not properly tracked. Internal accounting diverges from actual balances.,fee_on_transfer
code4rena,Asymmetry (2023-03),High,Front-running Exploit Allows Stakers to Bypass PauseUnstaking Mechanisms,A staker may bypass pause control by front-running the pause() transaction with a requestUnstake() call.,pausable_bypass
sherlock,GMX,Medium,When underlying collateral tokens are paused orders cannot be canceled,When underlying collateral tokens are paused orders cannot be canceled and will be executed immediately after unpause.,pausable_bypass
sherlock,TITLES Protocol,Medium,Incompatibility of Upgradeability Pattern in TitlesGraph Contract,TitlesGraph is designed as UUPSUpgradeable but instantiated via constructor. Implementation is uninitialized and vulnerable to takeover.,init_frontrun
code4rena,Rigor (2022-08),High,Community escrow allows for signature replay,checkSignatureValidity() does not utilize nonces and can be tricked by replaying signatures from earlier calls.,sig_replay
sherlock,Harpie,Medium,Cross-chain replay attacks are possible with changeRecipientAddress(),There is no chainId in the signed data for changeRecipientAddress(). An attacker can replay the action on the correct chain.,sig_replay
