project_id,repo,commit,property_id,classification,code_path,proof_trace,attack_scenario,result,reason
U1,redis/redis,8fadebfcca0d514fd6949eaa72599ab5e163bd4c,PROP-U1-uaf-010,potential-vulnerability,src/sentinel.c::sentinelDiscardReplyCallback::L2354,Refcount safeguards exist but free-context orchestration creates UAF attack surface under concurrent disconnects/reconnects.,Attacker triggers disconnect/reconnect surges forcing callback access at freed `link` struct.,FP,sentinelDiscardReplyCallback — speculative; not in GT
U1,redis/redis,8fadebfcca0d514fd6949eaa72599ab5e163bd4c,PROP-U1-uaf-010,potential-vulnerability,src/sentinel.c::sentinelDiscardReplyCallback::L2354,Refcount safeguards exist but free-context orchestration creates UAF attack surface under concurrent disconnects/reconnects.,Attacker triggers disconnect/reconnect surges forcing callback access at freed `link` struct.,FP,sentinelDiscardReplyCallback — speculative; not in GT
U1,redis/redis,8fadebfcca0d514fd6949eaa72599ab5e163bd4c,PROP-U1-uaf-011,vulnerability,src/redis-benchmark.c::getRedisConfig::L239-239,"After redisFree(c) at line 284, the fail path dereferences c->connection_type, c->tcp.host, c->tcp.port, and c->unix_sock.path (lines 287-290), causing use-after-free.","Attacker can cause connection failure (e.g., refuse connection) leading to goto fail, triggering use-after-free that may crash or leak memory.",TP,Matches RA-U1-O1 — getRedisConfig redisFree then dereference
U1,redis/redis,8fadebfcca0d514fd6949eaa72599ab5e163bd4c,PROP-U1-uaf-011,vulnerability,src/redis-benchmark.c::getRedisConfig::L239-239,"After redisFree(c) at line 284, the fail path dereferences c->connection_type, c->tcp.host, c->tcp.port, and c->unix_sock.path (lines 287-290), causing use-after-free.","Attacker can cause connection failure (e.g., refuse connection) leading to goto fail, triggering use-after-free that may crash or leak memory.",TP,Matches RA-U1-O1 — getRedisConfig redisFree then dereference
U1,redis/redis,8fadebfcca0d514fd6949eaa72599ab5e163bd4c,PROP-U1-uaf-003,vulnerability,src/module.c::RM_SetDisconnectCallback::L3611-3613,"RM_SetDisconnectCallback dereferences bc pointer without validation. bc can be freed in moduleHandleBlockedClients after RM_UnblockClient, and module can call RM_SetDisconnectCallback after freeing, causing use-after-free. No mechanism ensures bc remains valid.","Malicious module can call RM_SetDisconnectCallback after unblocking client, causing memory corruption and potentially arbitrary code execution.",FP,RM_SetDisconnectCallback — module API race; not in GT; callback registered atomically
U1,redis/redis,8fadebfcca0d514fd6949eaa72599ab5e163bd4c,PROP-U1-uaf-003,vulnerability,src/module.c::RM_SetDisconnectCallback::L3611-3613,"RM_SetDisconnectCallback dereferences bc pointer without validation. bc can be freed in moduleHandleBlockedClients after RM_UnblockClient, and module can call RM_SetDisconnectCallback after freeing, causing use-after-free. No mechanism ensures bc remains valid.","Malicious module can call RM_SetDisconnectCallback after unblocking client, causing memory corruption and potentially arbitrary code execution.",FP,RM_SetDisconnectCallback — module API race; not in GT; callback registered atomically
U1,redis/redis,8fadebfcca0d514fd6949eaa72599ab5e163bd4c,PROP-01b-partial-inv-004,potential-vulnerability,src/AuctionBidder.sol::auctionCallback::L97-112,"After `_multiCall(calls)` executes at L109, there is no mechanism to reset token allowances granted to addresses other than `s_auction`. The only post-multiCall approval action (L111) sets `assetOut` allowance for `msg.sender` (the auction), leaving any approvals to arbitrary spenders set during `_multiCall` persistent. This allows `AUCTION_BIDDER_ROLE` to include `token.approve(attacker, MAX_UINT)` calls in the solution, creating a persistent allowance that bypasses the `DEFAULT_ADMIN_ROLE` restriction on `withdraw()`.","`AUCTION_BIDDER_ROLE` includes `Call(token, abi.encodeWithSelector(IERC20.approve.selector, attacker, type(uint256).max))` in the `solution` passed to `bid()`; after `auctionCallback` completes the approval persists, allowing the attacker to call `token.transferFrom(AuctionBidder, attacker, balance)` and drain the contract's holdings in a follow-up transaction.",FP,Cross-project data contamination — AuctionBidder.sol unrelated to target
U1,redis/redis,8fadebfcca0d514fd6949eaa72599ab5e163bd4c,PROP-U1-uaf-004,vulnerability,src/networking.c::processInputBuffer::L1520-1600,"During processInputBuffer, if a client is asynchronously freed inside processCommand, subsequent loop iteration accesses freed client object, causing use-after-free.","Rogue replica triggers processCommand that frees client during memory pressure. Next processInputBuffer loop iteration accesses freed client->querybuf, causing exploit opportunity.",TP,processInputBuffer内でfreeClient後に解放済みclient構造体を参照するUAF。Sonnet 4 human reviewで確認済み。GT外の新発見。最新では修正済み。
U1,redis/redis,8fadebfcca0d514fd6949eaa72599ab5e163bd4c,PROP-U1-uaf-004,vulnerability,src/networking.c::processInputBuffer::L1520-1600,"During processInputBuffer, if a client is asynchronously freed inside processCommand, subsequent loop iteration accesses freed client object, causing use-after-free.","Rogue replica triggers processCommand that frees client during memory pressure. Next processInputBuffer loop iteration accesses freed client->querybuf, causing exploit opportunity.",TP,processInputBuffer内でfreeClient後に解放済みclient構造体を参照するUAF。Sonnet 4 human reviewで確認済み。GT外の新発見。最新では修正済み。
